{
  "source_audits": {
    "A": "slalom_cellA_jcorrect_imuideal_s71_nhc_block_audit.csv",
    "C": "slalom_cellC_jlegacy_imuideal_s71_nhc_block_audit.csv"
  },
  "candidate1_growth_0_0.75s": {
    "abs_sep_A_minus_C": {
      "rate_ratio": 3.7440728676498436,
      "sep_ratio": 147.84094274163897,
      "innov_ratio": 958.0,
      "R2_lin": 0.9079175715279602,
      "R2_quad": 0.9969191081243689,
      "quad_improve": 0.08900153659640875,
      "start": 1.5083774941e-07,
      "mid": 4.8196438076610006e-06,
      "end": 2.22999950738015e-05,
      "verdict": "FEEDBACK_GROWTH"
    },
    "abs_cumabs_A": {
      "rate_ratio": 5.430962277962596,
      "sep_ratio": 263.8452940198663,
      "innov_ratio": 958.0,
      "R2_lin": 0.8712424294099101,
      "R2_quad": 0.9962968147269035,
      "quad_improve": 0.1250543853169933,
      "start": 7.541888181e-08,
      "mid": 3.1579275231090003e-06,
      "end": 1.9898917045809e-05,
      "verdict": "FEEDBACK_GROWTH"
    },
    "abs_cumabs_C": {
      "rate_ratio": 0.514114214711632,
      "sep_ratio": 32.846614056293525,
      "innov_ratio": 5.000000000000001,
      "R2_lin": 0.9504432580848804,
      "R2_quad": 0.9698770446478211,
      "quad_improve": 0.019433786562940703,
      "start": 7.54188676e-08,
      "mid": 1.6617162845520003e-06,
      "end": 2.4772544366199005e-06,
      "verdict": "OTHER"
    },
    "abs_signed_cum_A": {
      "rate_ratio": 5.430962277962596,
      "sep_ratio": 263.8452940198663,
      "innov_ratio": 958.0,
      "R2_lin": 0.8712424294099101,
      "R2_quad": 0.9962968147269035,
      "quad_improve": 0.1250543853169933,
      "start": 7.541888181e-08,
      "mid": 3.1579275231090003e-06,
      "end": 1.9898917045809e-05,
      "verdict": "FEEDBACK_GROWTH"
    },
    "abs_signed_cum_C": {
      "rate_ratio": 0.4660926894251993,
      "sep_ratio": 31.836569606522435,
      "innov_ratio": 5.000000000000001,
      "R2_lin": 0.9451889188194649,
      "R2_quad": 0.9674608413091732,
      "quad_improve": 0.02227192248970833,
      "start": 7.54188676e-08,
      "mid": 1.6617162845520003e-06,
      "end": 2.4010780279924996e-06,
      "verdict": "OTHER"
    }
  },
  "candidate1_milestones": [
    {
      "t": 0.0,
      "sum_A": -7.541888181e-08,
      "sum_C": 7.54188676e-08,
      "sumabs_A": 7.541888181e-08,
      "sumabs_C": 7.54188676e-08,
      "sumabs_ratio_A_C": 1.000000188414391
    },
    {
      "t": 0.200000003,
      "sum_A": -6.75227493469e-07,
      "sum_C": 6.45447892462e-07,
      "sumabs_A": 6.75227493469e-07,
      "sumabs_C": 6.45447892462e-07,
      "sumabs_ratio_A_C": 1.0461378855749432
    },
    {
      "t": 0.400000006,
      "sum_A": -4.049930424909e-06,
      "sum_C": 1.8467207869420002e-06,
      "sumabs_A": 4.049930424909e-06,
      "sumabs_C": 1.8467207869420002e-06,
      "sumabs_ratio_A_C": 2.193038846774077
    },
    {
      "t": 0.650000036,
      "sum_A": -1.6262551668009e-05,
      "sum_C": 2.4391662323062e-06,
      "sumabs_A": 1.6262551668009e-05,
      "sumabs_C": 2.4391662323062e-06,
      "sumabs_ratio_A_C": 6.667258447831563
    },
    {
      "t": 0.75000006,
      "sum_A": -2.0034070999609e-05,
      "sum_C": 2.3970765430714998e-06,
      "sumabs_A": 2.0034070999609e-05,
      "sumabs_C": 2.4812559215409004e-06,
      "sumabs_ratio_A_C": 8.074165516617695
    },
    {
      "t": 1.0,
      "sum_A": 2.9346080138831e-05,
      "sum_C": 2.613093682197e-06,
      "sumabs_A": 6.952104513294901e-05,
      "sumabs_C": 2.7298872358034013e-06,
      "sumabs_ratio_A_C": 25.466636211619594
    },
    {
      "t": 2.0,
      "sum_A": 0.011841305946705825,
      "sum_C": 1.4541104847517001e-05,
      "sumabs_A": 0.09984098728673989,
      "sumabs_C": 1.4657898401123403e-05,
      "sumabs_ratio_A_C": 6811.412151627953
    }
  ],
  "candidate2_windows": {
    "0_0.3": {
      "A": {
        "n": 30,
        "median": 0.005576217836428572,
        "mean": 0.010073110903422038,
        "p90": 0.012975165032000012,
        "p95": 0.02895120836449996,
        "max": 0.07541888181
      },
      "C": {
        "n": 30,
        "median": 0.005491853828571428,
        "mean": 0.009932496299606504,
        "p90": 0.012951989258000013,
        "p95": 0.028948496221499958,
        "max": 0.07541886760000001
      }
    },
    "0_0.4": {
      "A": {
        "n": 40,
        "median": 0.005124357143461539,
        "mean": 0.008576770486464071,
        "p90": 0.011313717961000001,
        "p95": 0.021596533269499958,
        "max": 0.07541888181
      },
      "C": {
        "n": 40,
        "median": 0.004871256553625,
        "mean": 0.008376610074880008,
        "p90": 0.01129921818,
        "p95": 0.021592414256499957,
        "max": 0.07541886760000001
      }
    },
    "0_0.65": {
      "A": {
        "n": 65,
        "median": 0.004293282659090909,
        "mean": 0.006221377541552082,
        "p90": 0.008610746071400001,
        "p95": 0.011924456977999997,
        "max": 0.07541888181
      },
      "C": {
        "n": 65,
        "median": 0.0038950665435294116,
        "mean": 0.006087065229201933,
        "p90": 0.008576300737200001,
        "p95": 0.011901574479999998,
        "max": 0.07541886760000001
      }
    },
    "0_0.75": {
      "A": {
        "n": 75,
        "median": 0.003908332470149253,
        "mean": 0.00547641613756419,
        "p90": 0.007936993461333334,
        "p95": 0.011488214822999996,
        "max": 0.07541888181
      },
      "C": {
        "n": 75,
        "median": 0.0035236562205263155,
        "mean": 0.005408103418970024,
        "p90": 0.007891310895666668,
        "p95": 0.011471319979999998,
        "max": 0.07541886760000001
      }
    },
    "0_2": {
      "A": {
        "n": 201,
        "median": 0.0026932735502890174,
        "mean": 0.003822145930674424,
        "p90": 0.006750381158668292,
        "p95": 0.009047343319,
        "max": 0.07541888181
      },
      "C": {
        "n": 201,
        "median": 0.0035123372571428577,
        "mean": 0.0037603264580381357,
        "p90": 0.004865310821250001,
        "p95": 0.00614986284,
        "max": 0.07541886760000001
      }
    }
  },
  "figure": "docs\\benchmarks\\jacobian_imu_ab\\fig_hatt_cand12_A_vs_C_0_2s.png",
  "discrimination": {
    "cand1_A_FEEDBACK_C_not": true,
    "cand1_A_verdict": "FEEDBACK_GROWTH",
    "cand1_C_verdict": "OTHER",
    "cand1_sumabs_ratio_at_0.4s": 2.193038846774077,
    "cand1_A_rate_ratio": 5.430962277962596,
    "cand1_C_rate_ratio": 0.514114214711632,
    "cand2_median_A_0_0.4": 0.005124357143461539,
    "cand2_median_C_0_0.4": 0.004871256553625,
    "cand2_A_over_C_median": 1.0519579675285613,
    "cand2_p10A_vs_p90C_0_0.4": {
      "p10A": 0.004042836218828522,
      "p90C": 0.01129921818,
      "separated": false
    }
  }
}