{
  "provenance_ref": "slalom_a_vs_c_kp_postfix_provenance.json",
  "audit_sha_A": "0043ca54c5b9166c",
  "audit_sha_C": "0ec5ee7237297061",
  "windows": {
    "early_0_0p75s": {
      "t0": 0.0,
      "t1": 0.75,
      "sign": {
        "n": 75,
        "n_nonzero_both": 75,
        "opposite_frac": 0.88,
        "same_frac": 0.12,
        "sign_corr": 0.4292377895489358,
        "ratio_median": -2.092179112836698,
        "ratio_p10": -67.25600793610019,
        "ratio_p90": 49.70315743957341,
        "ratio_near_minus1_frac": 0.29333333333333333,
        "rms_A": 3.356952314663947e-07,
        "rms_C": 3.9943210312335356e-08,
        "rms_A_over_C": 8.404312744054138
      },
      "cum_sep_start": 1.5083774941e-07,
      "cum_sep_end": 2.22999950738015e-05,
      "cum_sep_end_over_start": 147.84094274163897,
      "cum_A_end": -1.9898917045809e-05,
      "cum_C_end": 2.4010780279924996e-06,
      "mean_dabs_sep_dt_first_half": 1.2618395063605336e-05,
      "mean_dabs_sep_dt_second_half": 4.724419059093146e-05,
      "rate_ratio_second_over_first": 3.7440728676498436,
      "r2_linear_abs_sep_vs_t": 0.9079175715279602,
      "att_energy_frac_z_A": 0.03952432477220318,
      "corr_abs_dx_att_z_A_vs_dP_pp_C_dt": 0.1627553440164839,
      "corr_innov_A_vs_dP_pp_C_dt": 0.12420919474032406
    },
    "early_0_4s": {
      "t0": 0.0,
      "t1": 4.0,
      "sign": {
        "n": 401,
        "n_nonzero_both": 401,
        "opposite_frac": 0.4389027431421446,
        "same_frac": 0.5610972568578554,
        "sign_corr": -0.005212287051586743,
        "ratio_median": 185.9593914273433,
        "ratio_p10": -1892.679720478678,
        "ratio_p90": 8647.709857745891,
        "ratio_near_minus1_frac": 0.05486284289276808,
        "rms_A": 0.006272822504072413,
        "rms_C": 3.350928441800324e-07,
        "rms_A_over_C": 18719.655203088336
      },
      "cum_sep_start": 1.5083774941e-07,
      "cum_sep_end": 0.05367875091871712,
      "cum_sep_end_over_start": 355870.8024263216,
      "cum_A_end": 0.05363664218741083,
      "cum_C_end": -4.210873130629229e-05,
      "mean_dabs_sep_dt_first_half": 0.005913344686702179,
      "mean_dabs_sep_dt_second_half": 0.02092601806830323,
      "rate_ratio_second_over_first": 3.538778673829259,
      "r2_linear_abs_sep_vs_t": 0.7706837380450637,
      "att_energy_frac_z_A": 0.6863452004989952,
      "corr_abs_dx_att_z_A_vs_dP_pp_C_dt": 0.11419258120476658,
      "corr_innov_A_vs_dP_pp_C_dt": 0.21001554980999346
    },
    "mid_4_14s": {
      "t0": 4.0,
      "t1": 14.0,
      "sign": {
        "n": 1000,
        "n_nonzero_both": 1000,
        "opposite_frac": 0.554,
        "same_frac": 0.446,
        "sign_corr": -0.0327837912104997,
        "ratio_median": -5072.615204058515,
        "ratio_p10": -369301.5563444693,
        "ratio_p90": 363905.20570827054,
        "ratio_near_minus1_frac": 0.001,
        "rms_A": 0.007514713932090806,
        "rms_C": 8.260269622538103e-08,
        "rms_A_over_C": 90974.19667255107
      },
      "cum_sep_start": 0.0005227524423720499,
      "cum_sep_end": 0.17833333420759245,
      "cum_sep_end_over_start": 341.142995713964,
      "cum_A_end": -0.17833930107258567,
      "cum_C_end": -5.966864993216953e-06,
      "mean_dabs_sep_dt_first_half": 0.0253346493190333,
      "mean_dabs_sep_dt_second_half": 0.01024811234483698,
      "rate_ratio_second_over_first": 0.4045097374660649,
      "r2_linear_abs_sep_vs_t": 0.21092098066448728,
      "att_energy_frac_z_A": 0.7696730990271258,
      "corr_abs_dx_att_z_A_vs_dP_pp_C_dt": -0.353295328608158,
      "corr_innov_A_vs_dP_pp_C_dt": -0.05391658138016177
    },
    "late_14_25s": {
      "t0": 14.0,
      "t1": 25.0,
      "sign": {
        "n": 1100,
        "n_nonzero_both": 1100,
        "opposite_frac": 0.5463636363636364,
        "same_frac": 0.4536363636363636,
        "sign_corr": -0.006318184944304984,
        "ratio_median": -2909.3766759864175,
        "ratio_p10": -430223.84402965003,
        "ratio_p90": 301464.5292540127,
        "ratio_near_minus1_frac": 0.0,
        "rms_A": 0.0033437425548215848,
        "rms_C": 8.581754194386963e-08,
        "rms_A_over_C": 38963.39232145118
      },
      "cum_sep_start": 0.0017561877416893,
      "cum_sep_end": 0.2394025782959538,
      "cum_sep_end_over_start": 136.31946779543588,
      "cum_A_end": -0.23938317906189793,
      "cum_C_end": 1.939923405586789e-05,
      "mean_dabs_sep_dt_first_half": 0.01380180945698985,
      "mean_dabs_sep_dt_second_half": 0.029460659184166516,
      "rate_ratio_second_over_first": 2.1345504932504578,
      "r2_linear_abs_sep_vs_t": 0.0014338399471490737,
      "att_energy_frac_z_A": 0.7443022330855679,
      "corr_abs_dx_att_z_A_vs_dP_pp_C_dt": 0.2607622361611615,
      "corr_innov_A_vs_dP_pp_C_dt": 0.4339772077738218
    },
    "late_22_25s": {
      "t0": 22.0,
      "t1": 25.0,
      "sign": {
        "n": 300,
        "n_nonzero_both": 300,
        "opposite_frac": 0.44333333333333336,
        "same_frac": 0.5566666666666666,
        "sign_corr": 0.08672427903329931,
        "ratio_median": 3620.5261223378857,
        "ratio_p10": -592309.9560306085,
        "ratio_p90": 602892.4517206806,
        "ratio_near_minus1_frac": 0.0,
        "rms_A": 0.004050766699392333,
        "rms_C": 1.0487450438631139e-07,
        "rms_A_over_C": 38624.89480256418
      },
      "cum_sep_start": 0.00355166002611546,
      "cum_sep_end": 0.13949375726614313,
      "cum_sep_end_over_start": 39.27565032701369,
      "cum_A_end": -0.139480432851815,
      "cum_C_end": 1.332441432812741e-05,
      "mean_dabs_sep_dt_first_half": 0.06418517225960232,
      "mean_dabs_sep_dt_second_half": 0.026871543933295473,
      "rate_ratio_second_over_first": 0.4186565679782124,
      "r2_linear_abs_sep_vs_t": 0.05572767977567561,
      "att_energy_frac_z_A": 0.7588539135156119,
      "corr_abs_dx_att_z_A_vs_dP_pp_C_dt": -0.18122770977047042,
      "corr_innov_A_vs_dP_pp_C_dt": -0.050609394954434436
    }
  },
  "classification": {
    "early_looked_persistent_sign": false,
    "late_sign_tag": "SIGN_MIXED",
    "late_sign_note": "Intermediate opposite frac \u2014 do not claim same-loop or new-mechanism yet.",
    "late_att_energy_still_mostly_z": true,
    "late_abs_dx_att_z_coupled_to_dP_pp_C": false,
    "rename_verdict": false,
    "discipline": "Do not rename FEEDBACK_CONTINUES_OMEGA_DECOUPLED from this file alone; report late_sign_tag as the discriminating datum."
  },
  "status": "DISCRIMINATING_DATUM_ONLY_NO_VERDICT_RENAME"
}