{
  "provenance_ref": "slalom_a_vs_c_kp_postfix_provenance.json",
  "audit_sha_A": "0043ca54c5b9166c",
  "audit_sha_C": "0ec5ee7237297061",
  "turns": {
    "1": {
      "n": 200,
      "innov_A_rms": 0.3228177358942039,
      "innov_C_rms": 4.5083699936895154e-05,
      "innov_A_over_C": 7160.409113405964,
      "v_body_y_A_rms": 0.217129611129194,
      "v_body_y_C_rms": 4.504891785603734e-05,
      "dx_att_z_A_rms": 0.0019314009865564596,
      "dx_att_z_C_rms": 2.7059489665913586e-07,
      "dx_att_z_opposite_frac": 0.21,
      "dx_vel_A_rms": 0.05774309174867794,
      "k_att_A_mean": 0.01308343,
      "k_att_C_mean": 0.01456888,
      "k_att_A_over_C": 0.8980395198532763,
      "k_vel_A_mean": 0.15578729,
      "P_pre_aa_A": 0.013985383473200002,
      "P_pre_aa_C": 0.02767250132735,
      "P_pre_vv_A": 4.657501878735,
      "P_pre_vv_C": 5.732479098984999,
      "P_pre_pv_A": 5.964005971345,
      "P_pre_pv_C": 7.462782542499999,
      "P_aa_A_over_C": 0.5053892059760282,
      "P_pv_A_over_C": 0.7991665223233323,
      "delta_P_pv_A": -0.012785459161010003,
      "nis_A": 0.23547382207161718,
      "nis_C": 7.733583469092049e-09,
      "drift_A_at_tc": 0.513954,
      "drift_C_at_tc": 0.029977,
      "t_c": 2.0,
      "role": "clean_delayed",
      "flags": {
        "role": "clean_delayed",
        "attitude_feedback_still_loud": true,
        "dx_att_z_often_opposite": false,
        "P_aa_A_much_smaller_than_C": false,
        "P_pv_A_much_smaller_than_C": false
      }
    },
    "2": {
      "n": 201,
      "innov_A_rms": 0.6295833403874564,
      "innov_C_rms": 5.17077512785903e-05,
      "innov_A_over_C": 12175.801979772745,
      "v_body_y_A_rms": 0.5434908571445809,
      "v_body_y_C_rms": 5.169702205690612e-05,
      "dx_att_z_A_rms": 0.009870977685720806,
      "dx_att_z_C_rms": 3.8863349218139663e-07,
      "dx_att_z_opposite_frac": 0.6268656716417911,
      "dx_vel_A_rms": 0.15478639618526704,
      "k_att_A_mean": 0.013161452736318408,
      "k_att_C_mean": 0.01686285074626866,
      "k_att_A_over_C": 0.7804998653167062,
      "k_vel_A_mean": 0.2895117960199005,
      "P_pre_aa_A": 0.008665160706945273,
      "P_pre_aa_C": 0.06523352066328358,
      "P_pre_vv_A": 1.9482644861467664,
      "P_pre_vv_C": 12.408838808159205,
      "P_pre_pv_A": 3.0517304519303483,
      "P_pre_pv_C": 26.639269026666664,
      "P_aa_A_over_C": 0.1328329456825166,
      "P_pv_A_over_C": 0.11455758973249151,
      "delta_P_pv_A": -0.07864586334394726,
      "nis_A": 1.2192894489998807,
      "nis_C": 1.0146819453684657e-08,
      "drift_A_at_tc": 3.054769,
      "drift_C_at_tc": 0.059995,
      "t_c": 4.0,
      "role": "clean_delayed",
      "flags": {
        "role": "clean_delayed",
        "attitude_feedback_still_loud": true,
        "dx_att_z_often_opposite": true,
        "P_aa_A_much_smaller_than_C": false,
        "P_pv_A_much_smaller_than_C": false
      }
    },
    "4": {
      "n": 201,
      "innov_A_rms": 1.7487517710168863,
      "innov_C_rms": 2.5894735245467096e-05,
      "innov_A_over_C": 67533.10101222245,
      "v_body_y_A_rms": 1.4739420593639831,
      "v_body_y_C_rms": 2.58840699007491e-05,
      "dx_att_z_A_rms": 0.011503529485754687,
      "dx_att_z_C_rms": 5.7552769478889534e-08,
      "dx_att_z_opposite_frac": 0.472636815920398,
      "dx_vel_A_rms": 0.2607630562609996,
      "k_att_A_mean": 0.006848800995024876,
      "k_att_C_mean": 0.007472467661691542,
      "k_att_A_over_C": 0.9165380574526988,
      "k_vel_A_mean": 0.11298126368159203,
      "P_pre_aa_A": 0.0025241631187213932,
      "P_pre_aa_C": 0.22483768325522388,
      "P_pre_vv_A": 0.9122351829159203,
      "P_pre_vv_C": 42.697743373134344,
      "P_pre_pv_A": 1.5989497004477613,
      "P_pre_pv_C": 174.9568890626866,
      "P_aa_A_over_C": 0.011226601707401942,
      "P_pv_A_over_C": 0.009139106833768985,
      "delta_P_pv_A": -0.010956796840435124,
      "nis_A": 9.259606551507014,
      "nis_C": 2.6046239299291197e-09,
      "drift_A_at_tc": 0.143299,
      "drift_C_at_tc": 0.120716,
      "t_c": 8.0,
      "role": "clean_delayed",
      "flags": {
        "role": "clean_delayed",
        "attitude_feedback_still_loud": true,
        "dx_att_z_often_opposite": true,
        "P_aa_A_much_smaller_than_C": true,
        "P_pv_A_much_smaller_than_C": true
      }
    },
    "7": {
      "n": 200,
      "innov_A_rms": 1.019592923552792,
      "innov_C_rms": 9.99424834592377e-06,
      "innov_A_over_C": 102017.9695623274,
      "v_body_y_A_rms": 0.9902827978395541,
      "v_body_y_C_rms": 9.955149421279422e-06,
      "dx_att_z_A_rms": 0.0018234100604936848,
      "dx_att_z_C_rms": 5.0020038868531086e-08,
      "dx_att_z_opposite_frac": 0.575,
      "dx_vel_A_rms": 0.053691557024003064,
      "k_att_A_mean": 0.0018138900000000003,
      "k_att_C_mean": 0.006120129999999999,
      "k_att_A_over_C": 0.29638095922799035,
      "k_vel_A_mean": 0.039971414999999996,
      "P_pre_aa_A": 0.0016647114365850003,
      "P_pre_aa_C": 0.6618393003945,
      "P_pre_vv_A": 0.8239630132925001,
      "P_pre_vv_C": 126.999174156,
      "P_pre_pv_A": 3.02873479244,
      "P_pre_pv_C": 893.206449879,
      "P_aa_A_over_C": 0.002515280424708418,
      "P_pv_A_over_C": 0.003390856383594513,
      "delta_P_pv_A": -0.0045765483379283,
      "nis_A": 3.91755488277155,
      "nis_C": 3.8971492885646197e-10,
      "drift_A_at_tc": 10.392946,
      "drift_C_at_tc": 0.210596,
      "t_c": 14.0,
      "role": "last_clean_delayed",
      "flags": {
        "role": "last_clean_delayed",
        "attitude_feedback_still_loud": true,
        "dx_att_z_often_opposite": true,
        "P_aa_A_much_smaller_than_C": true,
        "P_pv_A_much_smaller_than_C": true
      }
    },
    "8": {
      "n": 201,
      "innov_A_rms": 1.0436656225126282,
      "innov_C_rms": 1.1146469445278508e-05,
      "innov_A_over_C": 93631.94575971414,
      "v_body_y_A_rms": 0.7753865861647941,
      "v_body_y_C_rms": 1.1135305333740151e-05,
      "dx_att_z_A_rms": 0.0019490501807565624,
      "dx_att_z_C_rms": 6.50330572132318e-08,
      "dx_att_z_opposite_frac": 0.6318407960199005,
      "dx_vel_A_rms": 0.05172060566257122,
      "k_att_A_mean": 0.0024452835820895523,
      "k_att_C_mean": 0.005200800995024875,
      "k_att_A_over_C": 0.4701744182153343,
      "k_vel_A_mean": 0.05097503980099502,
      "P_pre_aa_A": 0.0017926700173283583,
      "P_pre_aa_C": 0.8597872630840796,
      "P_pre_vv_A": 1.0160459324497513,
      "P_pre_vv_C": 165.17081219900498,
      "P_pre_pv_A": 4.241579586034826,
      "P_pre_pv_C": 1325.1944355422884,
      "P_aa_A_over_C": 0.0020850157873914107,
      "P_pv_A_over_C": 0.00320072245421036,
      "delta_P_pv_A": -0.007766308476121891,
      "nis_A": 2.8487257930691543,
      "nis_C": 4.825026448297219e-10,
      "drift_A_at_tc": 20.088842,
      "drift_C_at_tc": 0.241937,
      "t_c": 16.0,
      "role": "alias_high_drift",
      "flags": {
        "role": "alias_high_drift",
        "attitude_feedback_still_loud": true,
        "dx_att_z_often_opposite": true,
        "P_aa_A_much_smaller_than_C": true,
        "P_pv_A_much_smaller_than_C": true
      }
    },
    "9": {
      "n": 201,
      "innov_A_rms": 1.308425312024526,
      "innov_C_rms": 8.073973911672502e-06,
      "innov_A_over_C": 162054.6866188089,
      "v_body_y_A_rms": 1.0677459426785907,
      "v_body_y_C_rms": 8.045888292038375e-06,
      "dx_att_z_A_rms": 0.0032856458808366113,
      "dx_att_z_C_rms": 5.297446306030795e-08,
      "dx_att_z_opposite_frac": 0.582089552238806,
      "dx_vel_A_rms": 0.09194012847215924,
      "k_att_A_mean": 0.0026264776119402987,
      "k_att_C_mean": 0.007301945273631841,
      "k_att_A_over_C": 0.3596956035023721,
      "k_vel_A_mean": 0.06273519900497512,
      "P_pre_aa_A": 0.0019420333147711444,
      "P_pre_aa_C": 1.0829234072751244,
      "P_pre_vv_A": 1.332050147950249,
      "P_pre_vv_C": 208.23373018109453,
      "P_pre_pv_A": 6.165999697208956,