{
  "experiment": "GAP-3.15 F1 NHC dose-response",
  "config": "ZUPT OFF, sweep nhc_every_n_ticks + OFF",
  "cases": [
    {
      "label": "baseline",
      "nhc_policy": "enabled",
      "nhc_every_n_ticks": 1,
      "gnss_accept_count": 7,
      "gnss_reject_count": 324,
      "innov_h_mean_accepted": 27.191745,
      "innov_h_by_gps_index": {
        "1": 30.927515,
        "2": 29.260845,
        "3": 31.963375,
        "4": 31.166613,
        "5": 23.830481,
        "6": 23.100847,
        "7": 20.092539
      },
      "k_vel_max_by_gps_index": {
        "1": 0.0,
        "2": 0.197021,
        "3": 0.007793,
        "4": 0.016704,
        "5": 0.001305,
        "6": 0.004936,
        "7": 0.023251
      },
      "k_vel_mean_accepted": 0.03585857142857143,
      "k_vel_fix2": 0.197021,
      "k_vel_fix3": 0.007793,
      "gap_duration_s": 0.389245034,
      "gap_imu_ticks": 38,
      "P_vv_post_fix2": 61.99828339,
      "P_vv_pre_fix2": 89.59877777,
      "P_vv_pre_fix3": 2.496057034,
      "P_vv_gap_start": 61.99828339,
      "P_vv_gap_end": 2.496057034,
      "sum_delta_P_vv_predict": 3.189932581000007,
      "sum_abs_delta_P_vv_nhc": 62.692158936999995,
      "gamma_nhc_over_predict": 19.65312975904548,
      "nhc_updates_in_gap": 38,
      "top1_nhc_share_of_abs_drop": 0.4473353720069223,
      "top3_nhc_share_of_abs_drop": 0.7400447079294687,
      "erosion_pattern": "bursty",
      "t_fix2": 5.664433479,
      "t_fix3": 6.053678513
    },
    {
      "label": "F1a",
      "nhc_policy": "enabled",
      "nhc_every_n_ticks": 2,
      "gnss_accept_count": 7,
      "gnss_reject_count": 324,
      "innov_h_mean_accepted": 27.734823571428574,
      "innov_h_by_gps_index": {
        "1": 30.927515,
        "2": 29.251671,
        "3": 32.015942,
        "4": 31.191647,
        "5": 25.993118,
        "6": 24.442989,
        "7": 20.320883
      },
      "k_vel_max_by_gps_index": {
        "1": 0.0,
        "2": 0.198414,
        "3": 0.017183,
        "4": 0.03252,
        "5": 0.006345,
        "6": 0.016717,
        "7": 0.048834
      },
      "k_vel_mean_accepted": 0.04571614285714286,
      "k_vel_fix2": 0.198414,
      "k_vel_fix3": 0.017183,
      "gap_duration_s": 0.389245034,
      "gap_imu_ticks": 38,
      "P_vv_post_fix2": 62.50177002,
      "P_vv_pre_fix2": 90.57091522,
      "P_vv_pre_fix3": 4.410580635,
      "P_vv_gap_start": 62.50177002,
      "P_vv_gap_end": 4.410580635,
      "sum_delta_P_vv_predict": 5.452827453999994,
      "sum_abs_delta_P_vv_nhc": 63.54401683899999,
      "gamma_nhc_over_predict": 11.653406856361542,
      "nhc_updates_in_gap": 19,
      "top1_nhc_share_of_abs_drop": 0.46630594513839535,
      "top3_nhc_share_of_abs_drop": 0.7608011083480759,
      "erosion_pattern": "bursty",
      "t_fix2": 5.664433479,
      "t_fix3": 6.053678513
    },
    {
      "label": "F1b",
      "nhc_policy": "enabled",
      "nhc_every_n_ticks": 5,
      "gnss_accept_count": 7,
      "gnss_reject_count": 324,
      "innov_h_mean_accepted": 29.336180000000002,
      "innov_h_by_gps_index": {
        "1": 30.927515,
        "2": 29.245932,
        "3": 31.649149,
        "4": 31.581911,
        "5": 27.715372,
        "6": 29.214428,
        "7": 25.018953
      },
      "k_vel_max_by_gps_index": {
        "1": 0.0,
        "2": 0.199296,
        "3": 0.04714,
        "4": 0.077018,
        "5": 0.024434,
        "6": 0.04261,
        "7": 0.080768
      },
      "k_vel_mean_accepted": 0.06732371428571429,
      "k_vel_fix2": 0.199296,
      "k_vel_fix3": 0.04714,
      "gap_duration_s": 0.389245034,
      "gap_imu_ticks": 38,
      "P_vv_post_fix2": 62.82857895,
      "P_vv_pre_fix2": 91.19564056,
      "P_vv_pre_fix3": 10.99233246,
      "P_vv_gap_start": 62.82857895,
      "P_vv_gap_end": 10.99233246,
      "sum_delta_P_vv_predict": 9.543415060000001,
      "sum_abs_delta_P_vv_nhc": 61.37966155,
      "gamma_nhc_over_predict": 6.4316244409472425,
      "nhc_updates_in_gap": 8,
      "top1_nhc_share_of_abs_drop": 0.5037964465608885,
      "top3_nhc_share_of_abs_drop": 0.8055572267977095,
      "erosion_pattern": "bursty",
      "t_fix2": 5.664433479,
      "t_fix3": 6.053678513
    },
    {
      "label": "F1c",
      "nhc_policy": "enabled",
      "nhc_every_n_ticks": 10,
      "gnss_accept_count": 7,
      "gnss_reject_count": 324,
      "innov_h_mean_accepted": 31.37261528571429,
      "innov_h_by_gps_index": {
        "1": 30.927515,
        "2": 29.242908,
        "3": 31.969173,
        "4": 31.42536,
        "5": 38.19101,
        "6": 32.596077,
        "7": 25.256264
      },
      "k_vel_max_by_gps_index": {
        "1": 0.0,
        "2": 0.199584,
        "3": 0.092301,
        "4": 0.116696,
        "5": 0.044727,
        "6": 0.09282,
        "7": 0.129519
      },
      "k_vel_mean_accepted": 0.09652099999999998,
      "k_vel_fix2": 0.199584,
      "k_vel_fix3": 0.092301,
      "gap_duration_s": 0.389245034,
      "gap_imu_ticks": 38,
      "P_vv_post_fix2": 62.93608475,
      "P_vv_pre_fix2": 91.40074158,
      "P_vv_pre_fix3": 22.03392029,
      "P_vv_gap_start": 62.93608475,
      "P_vv_gap_end": 22.03392029,
      "sum_delta_P_vv_predict": 16.837368010000013,
      "sum_abs_delta_P_vv_nhc": 57.739532470000015,
      "gamma_nhc_over_predict": 3.4292493004671205,
      "nhc_updates_in_gap": 4,
      "top1_nhc_share_of_abs_drop": 0.639282965950209,
      "top3_nhc_share_of_abs_drop": 0.9569927390511825,
      "erosion_pattern": "bursty",
      "t_fix2": 5.664433479,
      "t_fix3": 6.053678513
    },
    {
      "label": "F1d",
      "nhc_policy": "enabled",
      "nhc_every_n_ticks": 20,
      "gnss_accept_count": 5,
      "gnss_reject_count": 326,
      "innov_h_mean_accepted": 32.2032242,
      "innov_h_by_gps_index": {
        "1": 30.927515,
        "2": 29.239481,
        "3": 26.086163,
        "4": 37.022045,
        "5": 37.740917
      },
      "k_vel_max_by_gps_index": {
        "1": 0.0,
        "2": 0.199781,
        "3": 0.242638,
        "4": 0.062332,
        "5": 0.043269
      },
      "k_vel_mean_accepted": 0.109604,
      "k_vel_fix2": 0.199781,
      "k_vel_fix3": 0.242638,
      "gap_duration_s": 0.389245034,
      "gap_imu_ticks": 38,
      "P_vv_post_fix2": 63.00812912,
      "P_vv_pre_fix2": 91.5391922,
      "P_vv_pre_fix3": 77.5758667,
      "P_vv_gap_start": 63.00812912,
      "P_vv_gap_end": 77.5758667,
      "sum_delta_P_vv_predict": 21.04602050999999,
      "sum_abs_delta_P_vv_nhc": 6.478282929999985,
      "gamma_nhc_over_predict": 0.30781510105066356,
      "nhc_updates_in_gap": 2,
      "top1_nhc_share_of_abs_drop": 0.622881413732883,
      "top3_nhc_share_of_abs_drop": 1.0,
      "erosion_pattern": "bursty",
      "t_fix2": 5.664433479,
      "t_fix3": 6.053678513
    },
    {
      "label": "OFF",
      "nhc_policy": "disabled",
      "nhc_every_n_ticks": null,
      "gnss_accept_count": 56,
      "gnss_reject_count": 275,
      "innov_h_mean_accepted": 7.668530517857143,
      "innov_h_by_gps_index": {
        "1": 30.927515,
        "2": 29.232712,
        "3": 16.563982,
        "4": 2.227534,
        "5": 30.123257,
        "6": 17.976231,
        "7": 14.40873,
        "8": 9.381321,
        "9": 5.107971,
        "10": 1.777644,
        "11": 0.701794,
        "12": 0.824607,
        "13": 0.772913,
        "14": 1.370374,
        "15": 1.246427,
        "16": 2.722759,
        "17": 2.459902,
        "18": 1.646712,
        "19": 1.54049,
        "20": 1.795582,
        "21": 1.681096,
        "22": 1.572803,
        "23": 0.539023,
        "24": 0.862768,
        "25": 2.204055,
        "26": 3.426395,
        "27": 1.740311,
        "28": 2.224485,
        "29": 6.464385,
        "30": 10.684286,
        "31": 14.534684,
        "32": 17.599617,
        "33": 16.592339,
        "34": 14.43398,
        "35": 10.352999,
        "36": 6.796632,
        "37": 0.89517,
        "38": 3.413396,
        "39": 2.150456,
        "40": 2.276064,
        "41": 2.445248,