{
  "experiment": "GAP-3.17 F1.1 NIS gate anatomy",
  "metric_Lambda": "r / sqrt(S_ii) per axis; gate uses r^T S^-1 r",
  "policies": [
    {
      "label": "N=1",
      "gnss_accept_count": 7,
      "gnss_reject_count": 324,
      "first_reject_gps_index": 8,
      "last_accept_gps_index": 7,
      "accepted_count": 7,
      "accepted_innov_h_mean": 27.191745,
      "accepted_Lambda_n_abs_mean": 2.6914220643038043,
      "accepted_Lambda_e_abs_mean": 0.25552681146623296,
      "accepted_Lambda_d_abs_mean": 2.345711643630462,
      "accepted_s_nn_mean": 288.72099314285714,
      "accepted_s_ee_mean": 247.8716997142857,
      "accepted_s_dd_mean": 252.3711111428572,
      "accepted_nis_full_mean": 24.997398857142855,
      "accepted_k_vel_mean": 0.03585857142857143,
      "rejected_count": 324,
      "rejected_innov_h_mean": 1938.028796932099,
      "rejected_Lambda_n_abs_mean": 29.649796802850105,
      "rejected_Lambda_e_abs_mean": 32.22362155949159,
      "rejected_Lambda_d_abs_mean": 12.641671756495931,
      "rejected_s_nn_mean": 1687.2952122006172,
      "rejected_s_ee_mean": 1923.6817550802468,
      "rejected_s_dd_mean": 67.26044171604937,
      "rejected_nis_full_mean": 9997.222919083333,
      "rejected_k_vel_mean": 0.03555709259259259,
      "transition": {
        "last_accept_gps_index": 7,
        "first_reject_gps_index": 8,
        "last_accept_nis": 6.414406,
        "first_reject_nis": 9.222891,
        "last_accept_innov_h": 20.092539,
        "first_reject_innov_h": 27.773079,
        "last_accept_Lambda_n_abs": 1.5975422622658857,
        "first_reject_Lambda_n_abs": 2.3408734482858296,
        "last_accept_s_nn": 148.889206,
        "first_reject_s_nn": 137.359253,
        "last_accept_k_vel": 0.023251,
        "first_reject_k_vel": 0.024058,
        "first_reject_dominant_axis": "n",
        "first_reject_contrib_n": 5.464692,
        "first_reject_contrib_e": 0.142993,
        "first_reject_contrib_d": 3.615207
      }
    },
    {
      "label": "N=10",
      "gnss_accept_count": 7,
      "gnss_reject_count": 324,
      "first_reject_gps_index": 8,
      "last_accept_gps_index": 7,
      "accepted_count": 7,
      "accepted_innov_h_mean": 31.37261528571429,
      "accepted_Lambda_n_abs_mean": 2.8702837220729442,
      "accepted_Lambda_e_abs_mean": 0.2558138476179927,
      "accepted_Lambda_d_abs_mean": 2.3567926978461444,
      "accepted_s_nn_mean": 321.4356885714286,
      "accepted_s_ee_mean": 248.07613928571428,
      "accepted_s_dd_mean": 253.03720314285715,
      "accepted_nis_full_mean": 25.803431142857143,
      "accepted_k_vel_mean": 0.09652099999999998,
      "rejected_count": 324,
      "rejected_innov_h_mean": 1999.5027398024693,
      "rejected_Lambda_n_abs_mean": 18.545895776335318,
      "rejected_Lambda_e_abs_mean": 37.04373224166769,
      "rejected_Lambda_d_abs_mean": 8.766355989816828,
      "rejected_s_nn_mean": 7811.224530410493,
      "rejected_s_ee_mean": 1316.071914509259,
      "rejected_s_dd_mean": 139.4388693734568,
      "rejected_nis_full_mean": 2797.8425877469135,
      "rejected_k_vel_mean": 0.044166688271604936,
      "transition": {
        "last_accept_gps_index": 7,
        "first_reject_gps_index": 8,
        "last_accept_nis": 7.279075,
        "first_reject_nis": 9.42054,
        "last_accept_innov_h": 25.256264,
        "first_reject_innov_h": 30.360889,
        "last_accept_Lambda_n_abs": 1.730611863572998,
        "first_reject_Lambda_n_abs": 2.2825866978000438,
        "last_accept_s_nn": 205.405243,
        "first_reject_s_nn": 173.070923,
        "last_accept_k_vel": 0.129519,
        "first_reject_k_vel": 0.149163,
        "first_reject_dominant_axis": "n",
        "first_reject_contrib_n": 5.353289,
        "first_reject_contrib_e": 0.169029,
        "first_reject_contrib_d": 3.898223
      }
    },
    {
      "label": "N=20",
      "gnss_accept_count": 5,
      "gnss_reject_count": 326,
      "first_reject_gps_index": 6,
      "last_accept_gps_index": 5,
      "accepted_count": 5,
      "accepted_innov_h_mean": 32.2032242,
      "accepted_Lambda_n_abs_mean": 3.233724550633643,
      "accepted_Lambda_e_abs_mean": 0.19101471118711685,
      "accepted_Lambda_d_abs_mean": 2.5551157171121095,
      "accepted_s_nn_mean": 389.8137938,
      "accepted_s_ee_mean": 284.0695496,
      "accepted_s_dd_mean": 289.656607,
      "accepted_nis_full_mean": 33.138445000000004,
      "accepted_k_vel_mean": 0.109604,
      "rejected_count": 326,
      "rejected_innov_h_mean": 1860.8459512699385,
      "rejected_Lambda_n_abs_mean": 32.80742605568732,
      "rejected_Lambda_e_abs_mean": 16.600444846207278,
      "rejected_Lambda_d_abs_mean": 5.801217406044277,
      "rejected_s_nn_mean": 1512.739035322086,
      "rejected_s_ee_mean": 5737.322497,
      "rejected_s_dd_mean": 122.66665807055215,
      "rejected_nis_full_mean": 2150.5713448190186,
      "rejected_k_vel_mean": 0.03852103067484663,
      "transition": {
        "last_accept_gps_index": 5,
        "first_reject_gps_index": 6,
        "last_accept_nis": 8.253246,
        "first_reject_nis": 9.168528,
        "last_accept_innov_h": 37.740917,
        "first_reject_innov_h": 33.582962,
        "last_accept_Lambda_n_abs": 2.281756699763043,
        "first_reject_Lambda_n_abs": 2.246876118446885,
        "last_accept_s_nn": 268.728271,
        "first_reject_s_nn": 217.622955,
        "last_accept_k_vel": 0.043269,
        "first_reject_k_vel": 0.062463,
        "first_reject_dominant_axis": "n",
        "first_reject_contrib_n": 5.227838,
        "first_reject_contrib_e": 0.160082,
        "first_reject_contrib_d": 3.780607
      }
    },
    {
      "label": "OFF",
      "gnss_accept_count": 56,
      "gnss_reject_count": 275,
      "first_reject_gps_index": 57,
      "last_accept_gps_index": 56,
      "accepted_count": 56,
      "accepted_innov_h_mean": 7.668530517857143,
      "accepted_Lambda_n_abs_mean": 0.7634283687731812,
      "accepted_Lambda_e_abs_mean": 0.189795289814747,
      "accepted_Lambda_d_abs_mean": 0.8229703459447082,
      "accepted_s_nn_mean": 228.14830239285715,
      "accepted_s_ee_mean": 235.958039125,
      "accepted_s_dd_mean": 170.53748832142855,
      "accepted_nis_full_mean": 4.084788178571429,
      "accepted_k_vel_mean": 0.20636107142857144,
      "rejected_count": 275,
      "rejected_innov_h_mean": 9440.058200821819,
      "rejected_Lambda_n_abs_mean": 3.8489385331879484,
      "rejected_Lambda_e_abs_mean": 3.1108274571562196,
      "rejected_Lambda_d_abs_mean": 5.2422399204835095,
      "rejected_s_nn_mean": 9764768.026735872,
      "rejected_s_ee_mean": 9396997.050623393,
      "rejected_s_dd_mean": 219286.4211858291,
      "rejected_nis_full_mean": 37.516937523636365,
      "rejected_k_vel_mean": 0.030792083636363633,
      "transition": {
        "last_accept_gps_index": 56,
        "first_reject_gps_index": 57,
        "last_accept_nis": 9.42399,
        "first_reject_nis": 12.179982,
        "last_accept_innov_h": 19.298264,
        "first_reject_innov_h": 21.954357,
        "last_accept_Lambda_n_abs": 2.89094608289341,
        "first_reject_Lambda_n_abs": 3.2705252376307277,
        "last_accept_s_nn": 43.024704,
        "first_reject_s_nn": 42.021019,
        "last_accept_k_vel": 0.105506,
        "first_reject_k_vel": 0.091444,
        "first_reject_dominant_axis": "n",
        "first_reject_contrib_n": 10.797325,
        "first_reject_contrib_e": 0.990876,
        "first_reject_contrib_d": 0.391783
      }
    }
  ],
  "n20_paradox": {
    "N=10": {
      "accepts": 7,
      "first_reject": 8,
      "first_reject_nis": 9.42054,
      "first_reject_innov_n": -30.028894,
      "first_reject_s_nn": 173.070923,
      "first_reject_Lambda_n_abs": 2.2825866978000438
    },
    "N=20": {
      "accepts": 5,
      "first_reject": 6,
      "first_reject_nis": 9.168528,
      "first_reject_innov_n": -33.146027,
      "first_reject_s_nn": 217.622955,
      "first_reject_Lambda_n_abs": 2.246876118446885
    }
  },