{
  "experiment": "gap1_delta_psi_constancy",
  "formula": "delta_psi = heading(R_bn * e_x) - GPS_bearing",
  "success_criterion": "circular_std(Δψ) <= 5.0° AND p95(|Δψ-mean|) <= 10.0° → offset fijo de yaw de montaje",
  "windows": {
    "static_0_2s": {
      "label": "static_0_2s",
      "samples": 46,
      "delta_psi_circular_mean_deg": 321.3571449118423,
      "delta_psi_circular_std_deg": 8.63964561077903,
      "delta_psi_abs_dev_median_deg": 7.514366603275732,
      "delta_psi_abs_dev_p95_deg": 13.911036934372689,
      "delta_psi_range_p5_p95_deg": 26.22439724344531,
      "delta_psi_is_constant": false,
      "forward_heading_circular_mean_deg": 0.0010811956521700338,
      "forward_heading_circular_std_deg": 0.00040457431530885394,
      "gps_bearing_circular_mean_deg": 38.64393537503886,
      "gps_bearing_circular_std_deg": 8.639792052034979,
      "delta_psi_plus_bearing_circular_mean_deg": 0.0010811956521700338,
      "delta_psi_plus_bearing_circular_std_deg": 0.00040457431530885394,
      "roll_deg_mean": -0.055184260869565224,
      "pitch_deg_mean": 0.9339602608695651,
      "speed_mps_mean": 0.05586554149280182,
      "correlations": {
        "corr_delta_psi_vs_delta_pitch": 0.15930352919586888,
        "corr_delta_psi_vs_ax_body": 0.5174285374682125,
        "corr_delta_psi_vs_ay_body": -0.11002233620522499,
        "corr_delta_psi_vs_omega_z": 0.06775252294792042,
        "corr_delta_psi_vs_a_lin_h": 0.20284869266206076,
        "corr_delta_pitch_vs_ax_body": 0.13767602253419228,
        "corr_delta_pitch_vs_a_lin_h": 0.2654920428316739,
        "corr_delta_psi_vs_delta_roll": -0.21159488254597203
      }
    },
    "motion_2_10s": {
      "label": "motion_2_10s",
      "samples": 794,
      "delta_psi_circular_mean_deg": 167.99615803817366,
      "delta_psi_circular_std_deg": 123.22112286980926,
      "delta_psi_abs_dev_median_deg": 86.69118123381762,
      "delta_psi_abs_dev_p95_deg": 164.3526568250516,
      "delta_psi_range_p5_p95_deg": 325.12110733639224,
      "delta_psi_is_constant": false,
      "forward_heading_circular_mean_deg": 1.4010350980782424,
      "forward_heading_circular_std_deg": 1.8388228609610167,
      "gps_bearing_circular_mean_deg": 190.32915109525538,
      "gps_bearing_circular_std_deg": 121.17866050936072,
      "delta_psi_plus_bearing_circular_mean_deg": 1.401035098078247,
      "delta_psi_plus_bearing_circular_std_deg": 1.8388228609610167,
      "roll_deg_mean": 0.16050751259445847,
      "pitch_deg_mean": 1.0117669382871537,
      "speed_mps_mean": 0.4357675547180881,
      "correlations": {
        "corr_delta_psi_vs_delta_pitch": 0.04087855348903184,
        "corr_delta_psi_vs_ax_body": 0.021880446046449665,
        "corr_delta_psi_vs_ay_body": 0.1158782584849891,
        "corr_delta_psi_vs_omega_z": 0.3195506712275193,
        "corr_delta_psi_vs_a_lin_h": 0.13366132092789462,
        "corr_delta_pitch_vs_ax_body": 0.09605974553193768,
        "corr_delta_pitch_vs_a_lin_h": -0.0732792883530631,
        "corr_delta_psi_vs_delta_roll": 0.12708350130154983
      }
    },
    "cruise_early": {
      "label": "cruise_11_25s",
      "samples": 1389,
      "delta_psi_circular_mean_deg": 224.68473557847358,
      "delta_psi_circular_std_deg": 3.3467339062927337,
      "delta_psi_abs_dev_median_deg": 2.580665458388694,
      "delta_psi_abs_dev_p95_deg": 6.022439429725906,
      "delta_psi_range_p5_p95_deg": 10.315202808199501,
      "delta_psi_is_constant": true,
      "forward_heading_circular_mean_deg": 359.4529043379577,
      "forward_heading_circular_std_deg": 1.178084818262406,
      "gps_bearing_circular_mean_deg": 134.76734348469313,
      "gps_bearing_circular_std_deg": 2.276513215348126,
      "delta_psi_plus_bearing_circular_mean_deg": 359.4529043379577,
      "delta_psi_plus_bearing_circular_std_deg": 1.178084818262406,
      "roll_deg_mean": 0.21553177537796978,
      "pitch_deg_mean": -0.6258815255579553,
      "speed_mps_mean": 6.0237337014271795,
      "correlations": {
        "corr_delta_psi_vs_delta_pitch": -0.006108498230433149,
        "corr_delta_psi_vs_ax_body": -0.19991653128178202,
        "corr_delta_psi_vs_ay_body": 0.38979412869718594,
        "corr_delta_psi_vs_omega_z": -0.4217736303160564,
        "corr_delta_psi_vs_a_lin_h": -0.2848064862974318,
        "corr_delta_pitch_vs_ax_body": 0.10656069394354335,
        "corr_delta_pitch_vs_a_lin_h": -0.14077818298678693,
        "corr_delta_psi_vs_delta_roll": -0.046536075375237525
      }
    },
    "cruise_straight": {
      "label": "cruise_straight_12_24s",
      "samples": 1190,
      "delta_psi_circular_mean_deg": 224.76699334058628,
      "delta_psi_circular_std_deg": 2.7069886325901877,
      "delta_psi_abs_dev_median_deg": 2.2813854284855495,
      "delta_psi_abs_dev_p95_deg": 4.351996590586291,
      "delta_psi_range_p5_p95_deg": 8.292898121790103,
      "delta_psi_is_constant": true,
      "forward_heading_circular_mean_deg": 359.45809136100667,
      "forward_heading_circular_std_deg": 0.9280257896508838,
      "gps_bearing_circular_mean_deg": 134.69090178680264,
      "gps_bearing_circular_std_deg": 1.9163825790243418,
      "delta_psi_plus_bearing_circular_mean_deg": 359.4580913610067,
      "delta_psi_plus_bearing_circular_std_deg": 0.9280257896508838,
      "roll_deg_mean": 0.17541896470588236,
      "pitch_deg_mean": -0.47456699159663857,
      "speed_mps_mean": 6.154408534015591,
      "correlations": {
        "corr_delta_psi_vs_delta_pitch": -0.024414985907112267,
        "corr_delta_psi_vs_ax_body": -0.13317517178011887,
        "corr_delta_psi_vs_ay_body": 0.07766970044872937,
        "corr_delta_psi_vs_omega_z": -0.23284422312860031,
        "corr_delta_psi_vs_a_lin_h": -0.15781373971799198,
        "corr_delta_pitch_vs_ax_body": 0.14089547633424132,
        "corr_delta_pitch_vs_a_lin_h": -0.14261635724969213,
        "corr_delta_psi_vs_delta_roll": 0.011098151196748665
      }
    }
  },
  "diagnosis": {
    "reference_window": "cruise_straight_12_24s",
    "gap1_verdict": "GAP-1_CLOSED_YAW_INIT_REQUIRED",
    "gap1_closed": true,
    "likely_mechanism": "delta_psi_constant_in_straight_cruise_but_tracks_minus_bearing",
    "recommended_action": "En crucero recto: delta_psi estable (std=2.7 deg, media=224.8 deg). No es offset de montaje independiente del bearing: forward_heading ~ 0 deg (yaw=0). Corregir con yaw_init GPS (H2) o R_z(-delta_psi) en calibracion.",
    "delta_psi_offset_deg_cruise_straight": 224.76699334058628,
    "delta_psi_offset_deg_static": 321.3571449118423,
    "delta_psi_mean_shift_static_to_cruise_deg": 96.590151571256,
    "bearing_invariant_mount_offset": false,
    "delta_psi_circular_std_deg": 2.7069886325901877,
    "motion_delta_psi_std_deg": 123.22112286980926,
    "tilt_pattern_decoupled_from_delta_psi": false,
    "interpretation": "delta_psi = heading(R_bn*e_x) - GPS_bearing con actitud EKF real (predict-only, yaw=0). Constante en recto + forward_heading estable => yaw misinit calibrable. Constante con distinto bearing entre regimenes => offset mount fijo."
  },
  "artifacts": {
    "merged_csv": "C:\\NaviCore-3D\\docs\\benchmarks\\gap1_delta_psi_merged.csv",
    "plot_png": "C:\\NaviCore-3D\\docs\\benchmarks\\gap1_delta_psi_constancy_analysis.png"
  }
}
