{
  "experiment": "gap1_body_forward_axis_validation",
  "virtual_yaw": {
    "analysis_mode": "virtual_yaw_per_sample_on_h0_chain",
    "yaw_init_time_s": null,
    "yaw_init_heading_deg": null,
    "static_0_2s": {
      "label": "static_0_2s",
      "samples": 46,
      "heading_error_deg_mean": 38.64277408194766,
      "heading_error_deg_median": 38.79743411656638,
      "heading_error_deg_std": 8.62965207025231,
      "forward_vs_yaw_deg_mean": 5.560769236383393e-15,
      "forward_vs_yaw_deg_median": 0.0,
      "gps_bearing_deg_circular_mean": 38.64393537503886,
      "forward_heading_deg_circular_mean": 0.0010811956521700338,
      "mount_forward_residual_deg_mean": -6.178632484870436e-15,
      "mount_forward_residual_deg_median": 0.0,
      "mount_forward_residual_deg_std": 1.4410923518083197e-14,
      "mount_forward_residual_deg_abs_median": 0.0
    },
    "motion_2_10s": {
      "label": "motion_2_10s",
      "samples": 794,
      "heading_error_deg_mean": -1.1937759854249783,
      "heading_error_deg_median": 22.942760688626024,
      "heading_error_deg_std": 107.95255879187805,
      "forward_vs_yaw_deg_mean": -1.7897801908314867e-16,
      "forward_vs_yaw_deg_median": 0.0,
      "gps_bearing_deg_circular_mean": 190.32915109525538,
      "forward_heading_deg_circular_mean": 1.4010350980782424,
      "mount_forward_residual_deg_mean": 3.1500131358634165e-15,
      "mount_forward_residual_deg_median": 0.0,
      "mount_forward_residual_deg_std": 2.1685873731745383e-14,
      "mount_forward_residual_deg_abs_median": 0.0
    },
    "cruise_early": {
      "label": "cruise_11.4_25.4s",
      "samples": 1389,
      "heading_error_deg_mean": 135.31421281840315,
      "heading_error_deg_median": 135.53110600000002,
      "heading_error_deg_std": 3.3466624457344443,
      "forward_vs_yaw_deg_mean": 4.910878519292269e-16,
      "forward_vs_yaw_deg_median": 0.0,
      "gps_bearing_deg_circular_mean": 134.76734348469313,
      "forward_heading_deg_circular_mean": 359.4529043379577,
      "mount_forward_residual_deg_mean": -1.4323395681269117e-16,
      "mount_forward_residual_deg_median": 0.0,
      "mount_forward_residual_deg_std": 1.9125474380766688e-14,
      "mount_forward_residual_deg_abs_median": 0.0
    },
    "cruise_post_h2": {
      "label": "cruise_34.0_55.0s",
      "samples": 1737,
      "heading_error_deg_mean": -0.437264373868831,
      "heading_error_deg_median": -44.43741253137563,
      "heading_error_deg_std": 80.99117870537584,
      "forward_vs_yaw_deg_mean": 3.5997559439774793e-16,
      "forward_vs_yaw_deg_median": 0.0,
      "gps_bearing_deg_circular_mean": 204.71855057009,
      "forward_heading_deg_circular_mean": 288.29224822336414,
      "mount_forward_residual_deg_mean": 5.563259186147014e-15,
      "mount_forward_residual_deg_median": 0.0,
      "mount_forward_residual_deg_std": 1.713638635095898e-14,
      "mount_forward_residual_deg_abs_median": 0.0
    },
    "cruise_post_yaw_init": {
      "label": "cruise_post_yaw_init_34.0_55.0s",
      "samples": 1737,
      "heading_error_deg_mean": -0.437264373868831,
      "heading_error_deg_median": -44.43741253137563,
      "heading_error_deg_std": 80.99117870537584,
      "forward_vs_yaw_deg_mean": 3.5997559439774793e-16,
      "forward_vs_yaw_deg_median": 0.0,
      "gps_bearing_deg_circular_mean": 204.71855057009,
      "forward_heading_deg_circular_mean": 288.29224822336414,
      "mount_forward_residual_deg_mean": 5.563259186147014e-15,
      "mount_forward_residual_deg_median": 0.0,
      "mount_forward_residual_deg_std": 1.713638635095898e-14,
      "mount_forward_residual_deg_abs_median": 0.0
    },
    "gap1_pass_threshold_deg": 5.0,
    "gap1_verdict": "GAP-1_CLOSED",
    "gap1_closed": true,
    "likely_mechanism": "body_plus_x_aligns_with_vehicle_forward_after_coherent_yaw",
    "interpretation": "mount_forward_residual = GPS_bearing - heading(R_bn(roll,pitch,yaw_ref)*e_x). Modo virtual_yaw_per_sample: yaw_ref=GPS en cada tick (equiv. set_ekf_yaw_preserve_roll_pitch). Residual ~0 implica +X body coherente con forward vehicular dado roll/pitch EKF; error grande con yaw=0 (H0) es yaw misinit, no mount forward."
  },
  "replay_gnss_stable": {
    "analysis_mode": "replay_gnss_stable_chain",
    "yaw_init_time_s": 31.276428223,
    "yaw_init_heading_deg": 134.22866449426746,
    "static_0_2s": {
      "label": "static_0_2s",
      "samples": 46,
      "heading_error_deg_mean": 38.64289495151287,
      "heading_error_deg_median": 38.80647811656638,
      "heading_error_deg_std": 8.605405416796327,
      "forward_vs_yaw_deg_mean": -1.853589745461131e-15,
      "forward_vs_yaw_deg_median": 0.0,
      "gps_bearing_deg_circular_mean": 38.64393537503886,
      "forward_heading_deg_circular_mean": 0.0009603260495692804
    },
    "motion_2_10s": {
      "label": "motion_2_10s",
      "samples": 794,
      "heading_error_deg_mean": -7.070716120185687,
      "heading_error_deg_median": -43.68233840364749,
      "heading_error_deg_std": 105.2005145624639,
      "forward_vs_yaw_deg_mean": -4.653428496161865e-16,
      "forward_vs_yaw_deg_median": 0.0,
      "gps_bearing_deg_circular_mean": 190.32915109525538,
      "forward_heading_deg_circular_mean": 15.967156844475957
    },
    "cruise_early": {
      "label": "cruise_11.4_25.4s",
      "samples": 1389,
      "heading_error_deg_mean": 13.559675117899221,
      "heading_error_deg_median": 11.747712192794836,
      "heading_error_deg_std": 100.50977789645285,
      "forward_vs_yaw_deg_mean": 2.25081932134229e-16,
      "forward_vs_yaw_deg_median": 0.0,
      "gps_bearing_deg_circular_mean": 134.76734348469313,
      "forward_heading_deg_circular_mean": 78.88335880906388
    },
    "cruise_post_h2": {
      "label": "cruise_34.0_55.0s",
      "samples": 1737,
      "heading_error_deg_mean": -26.77293493287862,
      "heading_error_deg_median": -81.0552694068605,
      "heading_error_deg_std": 113.96798912958604,
      "forward_vs_yaw_deg_mean": -4.745132835243041e-16,
      "forward_vs_yaw_deg_median": 0.0,
      "gps_bearing_deg_circular_mean": 204.71855057009,
      "forward_heading_deg_circular_mean": 263.98103980315915,
      "mount_forward_residual_deg_mean": -26.77293493287862,
      "mount_forward_residual_deg_median": -81.0552694068605,
      "mount_forward_residual_deg_std": 113.96798912958604,
      "mount_forward_residual_deg_abs_median": 114.28909292483041
    },
    "cruise_post_yaw_init": {
      "label": "cruise_post_yaw_init_34.0_55.0s",
      "samples": 1737,
      "heading_error_deg_mean": -26.77293493287862,
      "heading_error_deg_median": -81.0552694068605,
      "heading_error_deg_std": 113.96798912958604,
      "forward_vs_yaw_deg_mean": -4.745132835243041e-16,
      "forward_vs_yaw_deg_median": 0.0,
      "gps_bearing_deg_circular_mean": 204.71855057009,
      "forward_heading_deg_circular_mean": 263.98103980315915,
      "mount_forward_residual_deg_mean": -26.77293493287862,
      "mount_forward_residual_deg_median": -81.0552694068605,
      "mount_forward_residual_deg_std": 113.96798912958604,
      "mount_forward_residual_deg_abs_median": 114.28909292483041
    },
    "gap1_pass_threshold_deg": 5.0,
    "gap1_verdict": "GAP-1_OPEN",
    "gap1_closed": false,
    "likely_mechanism": "mount_yaw_around_vertical_not_vehicle_forward",
    "interpretation": "mount_forward_residual = GPS_bearing - heading(R_bn(roll,pitch,yaw_ref)*e_x). Modo virtual_yaw_per_sample: yaw_ref=GPS en cada tick (equiv. set_ekf_yaw_preserve_roll_pitch). Residual ~0 implica +X body coherente con forward vehicular dado roll/pitch EKF; error grande con yaw=0 (H0) es yaw misinit, no mount forward."
  }
}
