{
  "experiment": "gap2_specific_force_decomposition",
  "tests": {
    "A": "a_nav = R_bn @ a_corr",
    "B": "a_nav = R_bn @ [0, 0, a_corr.z]",
    "C": "a_nav = R_bn @ (||a_corr|| * [0,0,1])",
    "D": "a_nav = R_bn @ g_body_pred (sanity: debe dar |a_lin,h|~0)"
  },
  "instrumentation": "f_residual = a_corr - g_body_pred",
  "windows": {
    "static_s": [
      0.0,
      2.0
    ],
    "motion_s": [
      2.0,
      10.0
    ]
  },
  "static_stats": {
    "a_lin_h_a_mean": 0.016151799992306412,
    "a_lin_h_a_rms": 0.01737256314821658,
    "a_lin_h_a_p95": 0.025095399093266076,
    "a_lin_h_a_max": 0.02795100363759854,
    "a_lin_h_b_mean": 0.16006518194911915,
    "a_lin_h_b_rms": 0.16006584515482863,
    "a_lin_h_b_p95": 0.16087222076673718,
    "a_lin_h_b_max": 0.16112962084156557,
    "a_lin_h_c_mean": 0.16008587147825096,
    "a_lin_h_c_rms": 0.16008654269348316,
    "a_lin_h_c_p95": 0.1608983851501994,
    "a_lin_h_c_max": 0.16115443653592834,
    "a_lin_h_d_mean": 6.432489838083541e-08,
    "a_lin_h_d_rms": 6.893487899216565e-08,
    "a_lin_h_d_p95": 9.737623267875052e-08,
    "a_lin_h_d_max": 1.0425180742038266e-07,
    "a_lin_h_replay_mean": 0.016151801630434785,
    "a_lin_h_replay_rms": 0.017372558539418017,
    "a_lin_h_replay_p95": 0.025095399,
    "a_lin_h_replay_max": 0.027950939,
    "a_corr_h_mean": 0.15688694327076877,
    "a_corr_h_rms": 0.1575898979161248,
    "a_corr_h_p95": 0.17789351963461983,
    "a_corr_h_max": 0.1813161017227816,
    "f_residual_h_mean": 0.016163324217816306,
    "f_residual_h_rms": 0.017382165624363375,
    "f_residual_h_p95": 0.024991116235607947,
    "f_residual_h_max": 0.02780958833843052,
    "f_residual_x_mean": 0.003527215608695653,
    "f_residual_x_rms": 0.01508394220274329,
    "f_residual_x_p95": 0.024504199250000004,
    "f_residual_x_max": 0.026276961000000015,
    "f_residual_y_mean": -0.0004990767608695648,
    "f_residual_y_rms": 0.008637960952510706,
    "f_residual_y_p95": 0.01619021175,
    "f_residual_y_max": 0.017172811,
    "f_residual_z_mean": -0.002469892239130498,
    "f_residual_z_rms": 0.009275087372474358,
    "f_residual_z_p95": 0.010560035749999308,
    "f_residual_z_max": 0.017740249999999236,
    "leak_frac_ab_mean": 0.0,
    "leak_frac_ab_rms": 0.0,
    "leak_frac_ab_p95": 0.0,
    "leak_frac_ab_max": 0.0,
    "leak_frac_ac_mean": 0.0,
    "leak_frac_ac_rms": 0.0,
    "leak_frac_ac_p95": 0.0,
    "leak_frac_ac_max": 0.0,
    "gravity_align_deg_mean": 0.09214708695652174,
    "gravity_align_deg_rms": 0.1003208840345731,
    "gravity_align_deg_p95": 0.146375,
    "gravity_align_deg_max": 0.163129,
    "dcm_replay_err_h_mean": 6.619201988572853e-08,
    "dcm_replay_err_h_rms": 7.14956565927149e-08,
    "dcm_replay_err_h_p95": 1.012631490230957e-07,
    "dcm_replay_err_h_max": 1.1014702778202689e-07
  },
  "motion_stats": {
    "a_lin_h_a_mean": 0.7407220994131022,
    "a_lin_h_a_rms": 1.0896417794603037,
    "a_lin_h_a_p95": 2.221084234128747,
    "a_lin_h_a_max": 5.112516486904973,
    "a_lin_h_b_mean": 0.1798291094469195,
    "a_lin_h_b_rms": 0.18133747622112892,
    "a_lin_h_b_p95": 0.22563279749225987,
    "a_lin_h_b_max": 0.23598452203310638,
    "a_lin_h_c_mean": 0.18125367932840108,
    "a_lin_h_c_rms": 0.1829751241626022,
    "a_lin_h_c_p95": 0.2300641182769826,
    "a_lin_h_c_max": 0.24230811261558383,
    "a_lin_h_d_mean": 6.7319852747808e-08,
    "a_lin_h_d_rms": 7.218509104266327e-08,
    "a_lin_h_d_p95": 1.0785895775061964e-07,
    "a_lin_h_d_max": 1.409389612428649e-07,
    "a_lin_h_replay_mean": 0.7407221464244333,
    "a_lin_h_replay_rms": 1.0896418402101835,
    "a_lin_h_replay_p95": 2.22108455925,
    "a_lin_h_replay_max": 5.112515926,
    "a_corr_h_mean": 0.8351863027612506,
    "a_corr_h_rms": 1.1511853143517357,
    "a_corr_h_p95": 2.3449259913114413,
    "a_corr_h_max": 5.314311982399318,
    "f_residual_h_mean": 0.7403855927842582,
    "f_residual_h_rms": 1.0889700055087295,
    "f_residual_h_p95": 2.2184861807174268,
    "f_residual_h_max": 5.107083476225037,
    "f_residual_x_mean": -0.009594836959697739,
    "f_residual_x_rms": 0.3796691335434545,
    "f_residual_x_p95": 0.4001862802999999,
    "f_residual_x_max": 4.026552528,
    "f_residual_y_mean": 0.6587210350176322,
    "f_residual_y_rms": 1.020640495929906,
    "f_residual_y_p95": 2.18749408035,
    "f_residual_y_max": 2.3365645489999998,
    "f_residual_z_mean": -0.041224448443324915,
    "f_residual_z_rms": 0.14631816236681972,
    "f_residual_z_p95": 0.1334219930499992,
    "f_residual_z_max": 1.2043962480000001,
    "leak_frac_ab_mean": 0.4339702142939258,
    "leak_frac_ab_rms": 0.6026163803762566,
    "leak_frac_ab_p95": 0.9055695307299331,
    "leak_frac_ab_max": 0.9606390292215115,
    "leak_frac_ac_mean": 0.43312501569564726,
    "leak_frac_ac_rms": 0.6014114866081884,
    "leak_frac_ac_p95": 0.9030488547142488,
    "leak_frac_ac_max": 0.9548914320437124,
    "gravity_align_deg_mean": 4.317784651133501,
    "gravity_align_deg_rms": 6.338399511677613,
    "gravity_align_deg_p95": 12.983996249999997,
    "gravity_align_deg_max": 28.028955,
    "dcm_replay_err_h_mean": 1.1292322820010557e-07,
    "dcm_replay_err_h_rms": 1.4434358157812786e-07,
    "dcm_replay_err_h_p95": 2.960009240678845e-07,
    "dcm_replay_err_h_max": 6.547068963718555e-07
  },
  "motion_correlations": {
    "f_residual_x_vs_a_corr_x": 0.9989539693741498,
    "f_residual_h_vs_a_corr_h": 0.9963887482606915,
    "f_residual_y_vs_a_corr_y": 0.9996813075504232,
    "a_lin_h_A_vs_replay": 0.9999999999999882
  },
  "diagnosis": {
    "verdict": "H1_SPECIFIC_FORCE_DOMINANT",
    "summary": "Prueba D: coherencia algebraica quat/DCM/body_to_ned (R_bn·g_body_pred=g_ned). NO demuestra actitud fisica perfecta. Leak principal (0.56 m/s2, 76% de A) procede de f_horizontal en body. Residuo B (0.18 m/s2, ~1.1 deg equiv.) merece analisis aparte: pitch/roll real, ruido, o [0,0,az] != g_body_pred.",
    "abc_comparison": {
      "motion_a_lin_h_A_mean": 0.7407220994131022,
      "motion_a_lin_h_B_mean": 0.1798291094469195,
      "motion_a_lin_h_C_mean": 0.18125367932840108,
      "motion_a_lin_h_D_mean": 6.7319852747808e-08,
      "motion_a_lin_h_D_max": 1.409389612428649e-07,
      "B_over_A_ratio": 0.24277540738882214,
      "C_over_A_ratio": 0.2446986251281205,
      "leak_explained_by_B_fraction_mean": 0.4339702142939258,
      "leak_explained_by_C_fraction_mean": 0.43312501569564726,
      "specific_force_contribution_mean": 0.5608929899661828,
      "attitude_vertical_only_leak_mean": 0.1798291094469195,
      "B_minus_D_mean": 0.17982904212706674,
      "residual_B_equiv_tilt_deg": 1.0507182918207576,
      "test_D_interpretation": "Identidad algebraica: valida coherencia interna quat/DCM/proyeccion. NO valida que R_bn represente orientacion fisica correcta.",
      "attitude_algebraic_self_consistent": true,
      "interpretation": {
        "A_ne_B": true,
        "B_still_leaks": true,
        "C_vs_B": "modulo irrelevante"
      }
    },
    "residual_instrumentation": {
      "static_f_residual_h_mean": 0.016163324217816306,
      "static_f_residual_h_p95": 0.024991116235607947,
      "motion_f_residual_x_mean": -0.009594836959697739,
      "motion_f_residual_y_mean": 0.6587210350176322,
      "motion_f_residual_z_mean": -0.041224448443324915,
      "motion_f_residual_h_mean": 0.7403855927842582,
      "motion_a_corr_h_mean": 0.8351863027612506,
      "corr_f_residual_x_vs_a_corr_x": 0.9989539693741498,
      "corr_f_residual_h_vs_a_corr_h": 0.9963887482606915,
      "corr_f_residual_y_vs_a_corr_y": 0.9996813075504232,
      "expected_at_rest": "f_residual ~ 0",
      "expected_longitudinal_accel": "f_residual_x ~ componente longitudinal en body FRD (+X forward)"
    },
    "dcm_validation": {
      "motion_dcm_replay_err_h_mean": 1.1292322820010557e-07,
      "motion_dcm_replay_err_h_max": 6.547068963718555e-07
    }
  },