{
  "experiment": "GAP-3.5 covariance propagation audit",
  "duration_s": 332.296875,
  "F_and_Q_structure": {
    "dp_dv": "Phi[pos,vel] = dt * I (via temp pos row + f_state_jacobian)",
    "dv_datt": "Phi[vel,att] = -R_bn * [a_body]x * dt",
    "dv_dbias_a": "Phi[vel,bias_a] = -R_bn * dt",
    "Q_structure": "diagonal only (pos, vel, att, bias_a, bias_g); no cross-terms in Q",
    "P0_cross_blocks": "zero at init (diagonal P0 only)"
  },
  "init": {
    "label": "init",
    "count": 1,
    "P_vel_pos_frob_mean": 0.0,
    "P_vel_pos_frob_max": 0.0,
    "P_vel_pos_max_mean": 0.0,
    "P_vel_vel_frob_mean": 1.732050776,
    "P_pos_std_h_mean": 2.8284271247461903,
    "vel_h_mean": 0.0,
    "gps_speed_mean": 0.0
  },
  "predict_1hz": {
    "label": "predict_1hz",
    "count": 329,
    "P_vel_pos_frob_mean": 0.06897141520177566,
    "P_vel_pos_frob_max": 0.2718336582,
    "P_vel_pos_max_mean": 0.05085013743674018,
    "P_vel_vel_frob_mean": 0.033153047023100915,
    "P_pos_std_h_mean": 3.2178853904734255,
    "vel_h_mean": 1.166778075987842,
    "gps_speed_mean": 15.033805079027356
  },
  "gnss_pre": {
    "label": "gnss_pre",
    "count": 331,
    "P_vel_pos_frob_mean": 0.0694071318154055,
    "P_vel_pos_frob_max": 0.2718336582,
    "P_vel_pos_max_mean": 0.05124560440544284,
    "P_vel_vel_frob_mean": 0.03810779510112507,
    "P_pos_std_h_mean": 3.2187287497353214,
    "vel_h_mean": 1.1715565981873113,
    "gps_speed_mean": 15.125248519637463
  },
  "gnss_post": {
    "label": "gnss_post",
    "count": 7,
    "P_vel_pos_frob_mean": 2.8253590112857145e-05,
    "P_vel_pos_frob_max": 3.393528095e-05,
    "P_vel_pos_max_mean": 1.8623906467142858e-05,
    "P_vel_vel_frob_mean": 0.24780685375798575,
    "P_pos_std_h_mean": 2.749611678966998,
    "vel_h_mean": 0.027453428571428573,
    "gps_speed_mean": 0.7660554285714286
  },
  "gnss_reject": {
    "label": "gnss_reject",
    "count": 324,
    "P_vel_pos_frob_mean": 0.07090604284552242,
    "P_vel_pos_frob_max": 0.2718336582,
    "P_vel_pos_max_mean": 0.05235235236692849,
    "P_vel_vel_frob_mean": 0.03357725988322994,
    "P_pos_std_h_mean": 3.2276594411819586,
    "vel_h_mean": 1.1962748796296296,
    "gps_speed_mean": 15.435478
  },
  "last_accept_before_reject": {
    "timestamp_s": 10.553059578,
    "event": "gnss_pre",
    "P_pos_pos_frob": 8.93946743,
    "P_vel_vel_frob": 0.0004158983938,
    "P_vel_pos_frob": 3.434438986e-05,
    "P_vel_att_frob": 0.0001692736842,
    "P_pos_std_n": 1.905201,
    "P_pos_std_e": 1.905201,
    "P_pos_std_d": 2.705309,
    "P_vel_std_n": 0.015302,
    "P_vel_std_e": 0.016309,
    "P_vel_std_d": 0.014752,
    "P_vel_pos_max": 2.288480755e-05,
    "K_vel_pos_max": 0.0,
    "F_dt": 0.011,
    "F_va_frob": 0.1534645855,
    "F_vba_frob": 0.01905255951,
    "F_va_max": 0.108224012,
    "vel_h_mps": 0.012258,
    "gps_speed_mps": 2.637817,
    "gnss_accepted": -1
  },
  "first_reject_pre": {
    "timestamp_s": 11.268433571,
    "event": "gnss_pre",
    "P_pos_pos_frob": 8.525876045,
    "P_vel_vel_frob": 0.0004157132062,
    "P_vel_pos_frob": 3.397239198e-05,
    "P_vel_att_frob": 0.000290711876,
    "P_pos_std_n": 1.878149,
    "P_pos_std_e": 1.878149,
    "P_pos_std_d": 2.629469,
    "P_vel_std_n": 0.015452,
    "P_vel_std_e": 0.016171,
    "P_vel_std_d": 0.014733,
    "P_vel_pos_max": 2.241439506e-05,
    "K_vel_pos_max": 0.0,
    "F_dt": 0.01,
    "F_va_frob": 0.1396969706,
    "F_vba_frob": 0.01732051,
    "F_va_max": 0.09565760195,
    "vel_h_mps": 0.04072,
    "gps_speed_mps": 6.05146,
    "gnss_accepted": -1
  },
  "first_reject_timestamp_s": 11.268433571,
  "verdict": {
    "mechanism": "P_VP_WEAK_BUT_NONZERO",
    "predict_implementation": "La implementaci\u00f3n sparse de Phi=F\u00b7P\u00b7F'+Q incluye \u2202p/\u2202v=dt y \u2202v/\u2202att=-R[a]x\u00b7dt; no hay evidencia de bloque F ausente en c\u00f3digo.",
    "observed_P_vp": "P_vel,pos permanece O(10^-5) en gnss_pre \u2192 K_vel,pos = P_vp\u00b7S^-1 \u2248 10^-7. Consistente con NHC/ZUPT cada IMU (observan velocidad, Joseph update) m\u00e1s GNSS pos-only.",
    "not_predict_bug": "No afirmar 'predict est\u00e1 bien'. Afirmar: la cadena strapdown en predict() es algebraicamente coherente; la insuficiencia del modelo puede estar en P, observaci\u00f3n, o ambos."
  },
  "source_csv": "C:\\NaviCore-3D\\docs\\benchmarks\\gap3_cov_propagation_audit.csv"
}