{
  "experiment": "GAP-3 GNSS K-block single-fix audit",
  "timestamp_s": 10.553059578,
  "gps_index": 0,
  "accepted": true,
  "measurement_model": {
    "z_observed": "position_only [pN,pE,pD]",
    "z_velocity_in_ekf": false,
    "gps_speed_available_in_log": true,
    "gps_speed_mps": 2.637817,
    "H_on_error_state": "implicit I3 on pos errors; zero on vel/att/bias"
  },
  "z_ned_m": [-27.114532, -5.543739, 27.366837],
  "hx_ned_m": [-2.650489, -0.411349, 5.113580],
  "innovation_ned_m": [-24.464043, -5.132390, 22.253256],
  "x_prior": {"pos_ned_m": [-2.650489, -0.411349, 5.113580], "vel_ned_mps": [0.002314, -0.012037, 0.004714]},
  "x_post": {"pos_ned_m": [-3.340518, -0.556114, 6.343880], "vel_ned_mps": [0.002311, -0.012038, 0.004717]},
  "S_m2": [
      [138.375457764, 0.000006033, -0.000000616],
      [0.000006033, 138.375457764, 0.000000470],
      [-0.000000616, 0.000000470, 142.064361572]
    ],
  "HPH_m2": [
      [3.629790545, 0.000006033, -0.000000616],
      [0.000006033, 3.629790783, 0.000000470],
      [-0.000000616, 0.000000470, 7.318696976]
    ],
  "R_m2": 134.745667,
  "S_inv": [
      [0.007770655, -0.000000000, 0.000000000],
      [-0.000000000, 0.007770655, -0.000000000],
      [0.000000000, -0.000000000, 0.007554115]
    ],
  "P_vel_pos_cross_m2": [
      [0.000017979, 0.000000033, -0.000000028],
      [-0.000000214, 0.000022885, 0.000000900],
      [0.000000225, 0.000000333, 0.000018209]
    ],
  "K_pos_pos": [
      [0.028205851, 0.000000046, -0.000000005],
      [0.000000046, 0.028205853, 0.000000003],
      [-0.000000005, 0.000000003, 0.055286277]
    ],
  "K_vel_pos": [
      [0.000000140, 0.000000000, -0.000000000],
      [-0.000000002, 0.000000178, 0.000000007],
      [0.000000002, 0.000000003, 0.000000138]
    ],
  "delta_x": {
    "pos_ned_m": [-0.690029502, -0.144764468, 1.230299830],
    "vel_ned_mps": [-0.000003424, -0.000000721, 0.000003005],
    "att_rad": [-0.000000272, 0.000000746, 0.000003782],
    "bias_accel_norm": 0.000007106,
    "bias_gyro_norm": 0.000001148,
    "pos_norm_m": 1.418003917,
    "vel_norm_mps": 0.000004612,
    "att_norm_rad": 0.000003864
  },
  "nis": 8.596198,
  "interpretation": "K_vel_pos = P_vel_pos * S_inv; velocity correction only via cross-covariance, not H"
}
