{
  "experiment": "H6_sync_audit",
  "input_csv": "docs\\benchmarks\\h6_sync_audit.csv",
  "moving_phase_start_s": 30.0,
  "constant_speed_min_mps": 5.0,
  "samples_total": 331,
  "samples_moving": 304,
  "samples_constant_speed": 276,
  "histograms_ms": {
    "dt_gps_imu": {
      "count": 331,
      "bin_edges": [
        0.0,
        0.251770025,
        0.50354005,
        0.755310075,
        1.0070801,
        1.258850125,
        1.51062015,
        1.7623901750000002,
        2.0141602,
        2.265930225,
        2.51770025,
        2.769470275,
        3.0212403,
        3.273010325,
        3.5247803500000003,
        3.7765503750000002,
        4.0283204,
        4.280090425,
        4.53186045,
        4.783630475,
        5.0354005,
        5.2871705250000005,
        5.53894055,
        5.790710575,
        6.0424806,
        6.294250625,
        6.54602065,
        6.797790675,
        7.049560700000001,
        7.301330725000001,
        7.5531007500000005,
        7.804870775,
        8.0566408,
        8.308410825000001,
        8.56018085,
        8.811950875,
        9.0637209,
        9.315490925,
        9.56726095,
        9.819030975,
        10.070801000000001
      ],
      "bin_counts": [
        10,
        10,
        8,
        7,
        11,
        5,
        8,
        10,
        8,
        9,
        9,
        8,
        9,
        6,
        9,
        10,
        4,
        12,
        5,
        8,
        8,
        7,
        8,
        10,
        8,
        8,
        7,
        7,
        11,
        6,
        9,
        9,
        7,
        8,
        8,
        7,
        11,
        7,
        8,
        11
      ],
      "median": 4.989624,
      "p05": 0.4634855,
      "p95": 9.590149
    },
    "dt_ekf_gps": {
      "count": 331,
      "bin_edges": [
        -1030.678272,
        -1004.9128046500001,
        -979.1473373000001,
        -953.3818699500001,
        -927.6164026000001,
        -901.8509352500001,
        -876.0854679000001,
        -850.32000055,
        -824.5545332000002,
        -798.78906585,
        -773.0235985000002,
        -747.25813115,
        -721.4926638000001,
        -695.7271964500001,
        -669.9617291000001,
        -644.1962617500001,
        -618.4307944000001,
        -592.6653270500001,
        -566.8998597000001,
        -541.1343923500001,
        -515.3689250000001,
        -489.6034576500001,
        -463.8379903000001,
        -438.0725229500001,
        -412.3070556,
        -386.54158825,
        -360.7761209,
        -335.01065355000003,
        -309.24518620000003,
        -283.47971885000004,
        -257.71425150000005,
        -231.94878415000005,
        -206.18331680000006,
        -180.41784945000006,
        -154.65238210000007,
        -128.88691475000007,
        -103.12144740000008,
        -77.35598005000008,
        -51.59051270000009,
        -25.825045350000096,
        -0.059578
      ],
      "bin_counts": [
        1,
        0,
        0,
        0,
        0,
        0,
        0,
        0,
        0,
        0,
        0,
        0,
        0,
        0,
        0,
        0,
        0,
        0,
        0,
        0,
        0,
        0,
        0,
        0,
        0,
        0,
        0,
        0,
        0,
        0,
        0,
        0,
        0,
        0,
        0,
        0,
        0,
        0,
        0,
        330
      ],
      "median": -5.493652,
      "p05": -10.45932,
      "p95": -1.1139565
    },
    "dt_predict_update": {
      "count": 331,
      "bin_edges": [
        0.0,
        0.251770025,
        0.50354005,
        0.755310075,
        1.0070801,
        1.258850125,
        1.51062015,
        1.7623901750000002,
        2.0141602,
        2.265930225,
        2.51770025,
        2.769470275,
        3.0212403,
        3.273010325,
        3.5247803500000003,
        3.7765503750000002,
        4.0283204,
        4.280090425,
        4.53186045,
        4.783630475,
        5.0354005,
        5.2871705250000005,
        5.53894055,
        5.790710575,
        6.0424806,
        6.294250625,
        6.54602065,
        6.797790675,
        7.049560700000001,
        7.301330725000001,
        7.5531007500000005,
        7.804870775,
        8.0566408,
        8.308410825000001,
        8.56018085,
        8.811950875,
        9.0637209,
        9.315490925,
        9.56726095,
        9.819030975,
        10.070801000000001
      ],
      "bin_counts": [
        10,
        10,
        8,
        7,
        11,
        5,
        8,
        10,
        8,
        9,
        9,
        8,
        9,
        6,
        9,
        10,
        4,
        12,
        5,
        8,
        8,
        7,
        8,
        10,
        8,
        8,
        7,
        7,
        11,
        6,
        9,
        9,
        7,
        8,
        8,
        7,
        11,
        7,
        8,
        11
      ],
      "median": 4.989624,
      "p05": 0.4634855,
      "p95": 9.590149
    }
  },
  "histograms_implied_delay_s": {
    "innovation_n_over_vel_n": {
      "count": 142,
      "bin_edges": [
        -3236.6127509250737,
        -3076.7468389221963,
        -2916.880926919319,
        -2757.0150149164415,
        -2597.149102913564,
        -2437.2831909106862,
        -2277.417278907809,
        -2117.5513669049315,
        -1957.685454902054,
        -1797.8195428991767,
        -1637.9536308962993,
        -1478.0877188934217,
        -1318.2218068905443,
        -1158.3558948876666,
        -998.4899828847892,
        -838.6240708819118,
        -678.7581588790345,
        -518.8922468761571,
        -359.02633487327967,
        -199.16042287040227,
        -39.29451086752488,
        120.57140113535297,
        280.43731313823037,
        440.30322514110776,
        600.1691371439852,
        760.0350491468625,
        919.9009611497404,
        1079.7668731526173,
        1239.6327851554952,
        1399.4986971583721,
        1559.36460916125,
        1719.230521164127,
        1879.0964331670048,
        2038.9623451698826,
        2198.8282571727595,
        2358.6941691756374,
        2518.5600811785143,
        2678.425993181392,
        2838.291905184269,
        2998.157817187147,
        3158.023729190024
      ],
      "bin_counts": [
        4,
        3,
        1,
        1,
        1,
        3,
        2,
        4,
        3,
        2,
        4,
        3,
        2,
        3,
        7,
        3,
        5,
        4,
        4,
        8,
        8,
        11,
        6,
        3,
        1,
        10,
        4,
        6,
        3,
        4,
        3,
        2,
        3,
        2,
        2,
        2,
        3,
        0,
        1,
        1
      ],
      "median": 80.42955492204385,
      "p05": -2855.201246148885,
      "p95": 2273.845396918313
    },
    "innovation_e_over_vel_e": {
      "count": 158,