{
  "experiment": "propagation_chain_audit",
  "chain": "a_raw -> R_mount -> a_body -> bias -> a_corr -> R_bn -> a_nav -> -g -> a_lin",
  "diagnosis": {
    "static_0_2s": {
      "label": "static_0_2s",
      "samples": 46,
      "gravity_angle_deg_mean": 0.09214708695652174,
      "a_lin_h_mean": 0.016151801630434785,
      "a_nav_body_h_mean": 0.016151821652173912,
      "a_nav_corr_h_mean": 0.016151801630434785,
      "r_bn_bias_h_mean": 3.908695652173913e-08,
      "nav_body_minus_corr_h_mean": 3.8847826086956524e-08,
      "proj_body_long_mean": -0.15632078410869563,
      "proj_body_lat_mean": -0.009943052847826086,
      "corr_gravity_angle_vs_a_lin_h": 0.9979848004223906,
      "corr_a_nav_body_h_vs_a_lin_h": 0.9999999999859188,
      "corr_a_nav_corr_h_vs_a_lin_h": 1.0,
      "corr_r_bn_bias_h_vs_a_lin_h": -0.1846199389384177
    },
    "motion_2_10s": {
      "label": "motion_2_10s",
      "samples": 794,
      "gravity_angle_deg_mean": 4.317784651133501,
      "a_lin_h_mean": 0.7407221464244333,
      "a_nav_body_h_mean": 0.74072506454534,
      "a_nav_corr_h_mean": 0.7407221464244333,
      "r_bn_bias_h_mean": 3.6127858942065496e-06,
      "nav_body_minus_corr_h_mean": 3.620447103274559e-06,
      "proj_body_long_mean": -0.18275791151511334,
      "proj_body_lat_mean": 0.6861875807166246,
      "corr_gravity_angle_vs_a_lin_h": 0.9995736453361962,
      "corr_a_nav_body_h_vs_a_lin_h": 0.9999999999966793,
      "corr_a_nav_corr_h_vs_a_lin_h": 1.0,
      "corr_r_bn_bias_h_vs_a_lin_h": 0.8883221223900402
    },
    "jumps_static_to_motion": {
      "gravity_angle_deg": 4.22563756417698,
      "a_lin_h": 0.7245703447939985,
      "a_nav_body_h": 0.7245732428931662,
      "a_nav_corr_h": 0.7245703447939985,
      "r_bn_bias_h": 3.5736989376848105e-06,
      "nav_body_minus_corr_h": 3.5815992771876025e-06,
      "proj_body_long": -0.02643712740641771
    },
    "bias_frame_consistent": true,
    "bias_explains_a_lin_jump": false,
    "regime_pattern": "step_transition",
    "corr_h9c_gravity_angle_vs_orient_delta_tilt_motion": 0.9204983476779837,
    "likely_mechanism": "mechanism_1_attitude_r_bn_misrepresents_orientation",
    "decision": {
      "mechanism_1_attitude": true,
      "mechanism_2_mount_projection": false,
      "bias_projection_artifact": false
    }
  },
  "interpretation": "mechanism_1_attitude_r_bn_misrepresents_orientation",
  "artifacts": {
    "csv": "C:\\NaviCore-3D\\docs\\benchmarks\\propagation_chain_audit.csv",
    "plot_png": "C:\\NaviCore-3D\\docs\\benchmarks\\propagation_chain_audit_analysis.png"
  }
}
