{
  "windows": {
    "onset_to_break": {
      "label": "onset\u2192break [1.34,1.59)",
      "n": 25,
      "t_span": [
        1.340000033,
        1.580000043
      ],
      "mean_ratio": 0.5516433042643094,
      "median_ratio": 0.5504130823818618,
      "p90_ratio": 0.6379729199808495,
      "mean_innov_c": 0.26254829762373744,
      "mean_innov_l": 0.1350969260806948,
      "sum_innov_c": 6.5637074405934355,
      "sum_innov_l": 3.37742315201737,
      "sum_ratio_of_sums": 0.5145602820640055,
      "median_cos": 0.972332077498368,
      "mean_cos": 0.935655174989466,
      "frac_cos_lt_0": 0.0,
      "sum_dx_bias_gz_c": -0.014112278732599999,
      "sum_dx_bias_gz_l": -0.012353731414290001,
      "mean_abs_omega_frac_peak": 0.6570776126476896
    },
    "break_to_peak": {
      "label": "break\u2192peak [1.59,2.0]",
      "n": 42,
      "t_span": [
        1.590000033,
        2.0
      ],
      "mean_ratio": 5.9807790717642995,
      "median_ratio": 2.4424715518894087,
      "p90_ratio": 18.385289236462807,
      "mean_innov_c": 0.267278356780611,
      "mean_innov_l": 0.9036685074521073,
      "sum_innov_c": 11.225690984785663,
      "sum_innov_l": 37.9540773129885,
      "sum_ratio_of_sums": 3.381001433624727,
      "median_cos": -0.8146454686054496,
      "mean_cos": -0.42873974515349955,
      "frac_cos_lt_0": 0.7142857142857143,
      "sum_dx_bias_gz_c": 0.02353520478913,
      "sum_dx_bias_gz_l": -0.013554378939100001,
      "mean_abs_omega_frac_peak": 0.9314999242514865
    },
    "full_rise": {
      "label": "full rise [1.34,2.0]",
      "n": 67,
      "t_span": [
        1.340000033,
        2.0
      ],
      "mean_ratio": 3.9549821435926606,
      "median_ratio": 0.6896966284239453,
      "p90_ratio": 11.640145301354027,
      "mean_innov_c": 0.26551340933401646,
      "mean_innov_l": 0.6168880666418787,
      "sum_innov_c": 17.7893984253791,
      "sum_innov_l": 41.331500465005874,
      "sum_ratio_of_sums": 2.3233781984465884,
      "median_cos": 0.3889444476950369,
      "mean_cos": 0.08036283698939799,
      "frac_cos_lt_0": 0.44776119402985076,
      "sum_dx_bias_gz_c": 0.00942292605653,
      "sum_dx_bias_gz_l": -0.025908110353390003,
      "mean_abs_omega_frac_peak": 0.8291035393246966
    }
  },
  "edge_0.10s": {
    "pre": {
      "label": "break-0.10\u2192break",
      "n": 10,
      "t_span": [
        1.490000129,
        1.580000043
      ],
      "mean_ratio": 0.49225998192174353,
      "median_ratio": 0.4820380873794326,
      "p90_ratio": 0.5211200956952395,
      "mean_innov_c": 0.4976819894529167,
      "mean_innov_l": 0.24739778846010535,
      "sum_innov_c": 4.976819894529167,
      "sum_innov_l": 2.4739778846010534,
      "sum_ratio_of_sums": 0.4971001436721882,
      "median_cos": 0.9077539424031051,
      "mean_cos": 0.8691936486465647,
      "frac_cos_lt_0": 0.0,
      "sum_dx_bias_gz_c": -0.0098276723301,
      "sum_dx_bias_gz_l": -0.0093993632478,
      "mean_abs_omega_frac_peak": 0.7441362209469425
    },
    "post": {
      "label": "break\u2192break+0.10",
      "n": 10,
      "t_span": [
        1.590000033,
        1.680000067
      ],
      "mean_ratio": 1.8763995154150535,
      "median_ratio": 1.5671537818148318,
      "p90_ratio": 3.177727359167201,
      "mean_innov_c": 0.6845469043968951,
      "mean_innov_l": 1.2321295537239207,
      "sum_innov_c": 6.845469043968952,
      "sum_innov_l": 12.321295537239207,
      "sum_ratio_of_sums": 1.7999198386697273,
      "median_cos": -0.9322960597900861,
      "mean_cos": -0.6076531743827476,
      "frac_cos_lt_0": 0.8,
      "sum_dx_bias_gz_c": 0.022103539493099997,
      "sum_dx_bias_gz_l": -0.040628450457999996,
      "mean_abs_omega_frac_peak": 0.8392388344342402
    },
    "jump_median_ratio": 1.0851156944353992,
    "median_cos_pre": 0.9077539424031051,
    "median_cos_post": -0.9322960597900861
  },
  "edge_0.05s": {
    "pre": {
      "label": "break-0.05\u2192break",
      "n": 5,
      "t_span": [
        1.540000081,
        1.580000043
      ],
      "mean_ratio": 0.5012070837116503,
      "median_ratio": 0.48228218220197494,
      "p90_ratio": 0.5524862612559881,
      "mean_innov_c": 0.6496888831272125,
      "mean_innov_l": 0.3286489031878403,
      "sum_innov_c": 3.2484444156360626,
      "sum_innov_l": 1.6432445159392015,
      "sum_ratio_of_sums": 0.50585582072133,
      "median_cos": 0.8218985428872939,
      "mean_cos": 0.796334341287823,
      "frac_cos_lt_0": 0.0,
      "sum_dx_bias_gz_c": -0.004966471112,
      "sum_dx_bias_gz_l": -0.0063763459916,
      "mean_abs_omega_frac_peak": 0.7703232019720353
    },
    "post": {
      "label": "break\u2192break+0.05",
      "n": 5,
      "t_span": [
        1.590000033,
        1.630000114
      ],
      "mean_ratio": 1.0965725428853752,
      "median_ratio": 1.1060710175939403,
      "p90_ratio": 1.4248699471546065,
      "mean_innov_c": 0.6768283005020694,
      "mean_innov_l": 0.7352927512633343,
      "sum_innov_c": 3.384141502510347,
      "sum_innov_l": 3.6764637563166715,
      "sum_ratio_of_sums": 1.0863800327467041,
      "median_cos": -0.24792779606060739,
      "mean_cos": -0.23474266567974683,
      "frac_cos_lt_0": 0.6,
      "sum_dx_bias_gz_c": 0.0137100436832,
      "sum_dx_bias_gz_l": -0.014787903056000001,
      "mean_abs_omega_frac_peak": 0.8179479376078357
    },
    "jump_median_ratio": 0.6237888353919654
  },
  "continuity": {
    "log_ratio_slope_pre": -1.369605390052747,
    "log_ratio_slope_post": -4.90863356777969,
    "log_ratio_slope_full_rise": 1.9910036407465372,
    "pred_ratio_at_break_from_pre_fit": 0.4586802214689788,
    "actual_median_ratio_last_0.1_pre": 0.4820380873794326,
    "actual_median_ratio_first_0.1_post": 1.5671537818148318,
    "jump_mean_ratio_post_minus_pre": 5.42913576749999,
    "jump_median_ratio_post_minus_pre": 1.8920584695075469,
    "pre_half_growth_median_ratio": -0.11729629026316324,
    "typical_abs_bin_step_ratio_50ms": 0.8928929146212308,
    "max_abs_bin_step_ratio_50ms": 17.242481014618644,
    "max_abs_bin_step_t_mid": 1.7900000000000005,
    "max_step_near_break": false,
    "frac_sum_innov_l_accumulated_by_break": 0.08171547400939222,
    "frac_sum_innov_c_accumulated_by_break": 0.368967363799631,
    "frac_abs_dx_bias_gz_l_by_break": 0.09199551422680442,
    "flat_pre": true,
    "big_edge_jump": false
  },
  "nuance": {
    "post_mean_ratio_vs_aggregate_6": 5.9807790717642995,
    "pre_mean_ratio": 0.5516433042643094,
    "post_sum_ratio_of_sums": 3.381001433624727,
    "pre_sum_ratio_of_sums": 0.5145602820640055,
    "note": "Aggregate post-break mean ratio\u22486 can be dominated by a few large ticks; compare median, edge jump, and \u03a3\u2016y\u2016 fractions."
  },
  "bins_50ms": [
    {
      "t_mid": 1.3650000000000002,
      "t0": 1.34,
      "t1": 1.3900000000000001,
      "n": 5,
      "median_ratio": 0.6414345014006101,
      "mean_ratio": 0.6410447120287138,
      "sum_ratio": 0.6393318408548114,
      "median_cos": 0.9864554523506014,
      "mean_innov_l": 0.03417338428251685,
      "mean_innov_c": 0.05345171646202653,
      "sum_dx_l": -0.00051083898129,
      "omega_frac": 0.5356946755056424
    },
    {
      "t_mid": 1.415,
      "t0": 1.3900000000000001,
      "t1": 1.4400000000000002,
      "n": 5,
      "median_ratio": 0.5943791829657958,
      "mean_ratio": 0.5940331829685437,
      "sum_ratio": 0.5916485220107367,
      "median_cos": 0.981962856239571,
      "mean_innov_l": 0.054532296004919475,
      "mean_innov_c": 0.09217008743567837,
      "sum_dx_l": -0.0008728808462,
      "omega_frac": 0.6002721959618371
    },
    {
      "t_mid": 1.4650000000000003,
      "t0": 1.4400000000000002,
      "t1": 1.4900000000000002,
      "n": 5,
      "median_ratio": 0.5387498509660186,
      "mean_ratio": 0.5386186624808023,
      "sum_ratio": 0.5355477014696518,
      "median_cos": 0.972332077498368,
      "mean_innov_l": 0.0919833731958269,
      "mean_innov_c": 0.171755705315149,