{
  "windows": {
    "ctrl": {
      "R1": {
        "n": 25,
        "corr_path_scale_vs_innov": {
          "n": 25,
          "pearson": 0.9949701205519539,
          "spearman": 1.0,
          "mean_x": 0.0924330688266,
          "mean_y": 0.26254824,
          "ratio_mean_x_over_mean_y": 0.3520612776783421
        },
        "lin_gain_a_path_eq_a_times_innov": 0.3795414224034415,
        "frac_var_path_explained_by_innov": 0.9818761645599036,
        "mean_path_per_innov": 0.3057325900710384,
        "median_path_per_innov": 0.29059104531377244,
        "std_path_per_innov": 0.05465891430360034,
        "sum_total": -0.014112278732599999,
        "sum_via_vel": 1.148357207459,
        "sum_via_att": -1.1624695132060001,
        "path_scale_sumabs": 2.310826720665,
        "mean_innov": 0.26254824,
        "mean_path_scale": 0.0924330688266
      },
      "R2": {
        "n": 15,
        "corr_path_scale_vs_innov": {
          "n": 15,
          "pearson": 0.7014159452897784,
          "spearman": 0.6928571428571427,
          "mean_x": 0.1298263786900667,
          "mean_y": 0.5290894666666666,
          "ratio_mean_x_over_mean_y": 0.24537698606625077
        },
        "lin_gain_a_path_eq_a_times_innov": 0.2496775989370115,
        "frac_var_path_explained_by_innov": 0.48875204050330623,
        "mean_path_per_innov": 0.23528721496085855,
        "median_path_per_innov": 0.23361759546693558,
        "std_path_per_innov": 0.09581311511581081,
        "sum_total": 0.021042130188799996,
        "sum_via_vel": -0.09019157290100001,
        "sum_via_att": 0.11123371687000004,
        "path_scale_sumabs": 1.9473956803510002,
        "mean_innov": 0.5290894666666666,
        "mean_path_scale": 0.1298263786900667
      },
      "R3": {
        "n": 27,
        "corr_path_scale_vs_innov": {
          "n": 27,
          "pearson": 0.9944776578464812,
          "spearman": 0.9957264957264956,
          "mean_x": 0.019214872840703705,
          "mean_y": 0.12182777777777776,
          "ratio_mean_x_over_mean_y": 0.15772160660890452
        },
        "lin_gain_a_path_eq_a_times_innov": 0.14809146494552056,
        "frac_var_path_explained_by_innov": 0.8768080280213344,
        "mean_path_per_innov": 0.16712236695984373,
        "median_path_per_innov": 0.1756028691198324,
        "std_path_per_innov": 0.0194020693286849,
        "sum_total": 0.00249307460033,
        "sum_via_vel": -0.258154247429,
        "sum_via_att": 0.26064731927,
        "path_scale_sumabs": 0.518801566699,
        "mean_innov": 0.12182777777777776,
        "mean_path_scale": 0.019214872840703705
      },
      "full_rise": {
        "n": 67,
        "corr_path_scale_vs_innov": {
          "n": 67,
          "pearson": 0.8827671361284548,
          "spearman": 0.9268896160906698,
          "mean_x": 0.07129886518977614,
          "mean_y": 0.26551340298507464,
          "ratio_mean_x_over_mean_y": 0.26853207554943687
        },
        "lin_gain_a_path_eq_a_times_innov": 0.28915333385286857,
        "frac_var_path_explained_by_innov": 0.7740573400546729,
        "mean_path_per_innov": 0.23410338632991967,
        "median_path_per_innov": 0.2165673625836366,
        "std_path_per_innov": 0.08393138957618096,
        "sum_total": 0.00942292605653,
        "sum_via_vel": 0.8000113871290001,
        "sum_via_att": -0.7905884770660001,
        "path_scale_sumabs": 4.7770239677149995,
        "mean_innov": 0.26551340298507464,
        "mean_path_scale": 0.07129886518977614
      }
    },
    "latch": {
      "R1": {
        "n": 25,
        "corr_path_scale_vs_innov": {
          "n": 25,
          "pearson": 0.9998869365295084,
          "spearman": 1.0,
          "mean_x": 0.028243621670640002,
          "mean_y": 0.135097,
          "ratio_mean_x_over_mean_y": 0.20906179760201932
        },
        "lin_gain_a_path_eq_a_times_innov": 0.2147495977273514,
        "frac_var_path_explained_by_innov": 0.9983973599391246,
        "mean_path_per_innov": 0.19900570252429245,
        "median_path_per_innov": 0.19993554155265247,
        "std_path_per_innov": 0.013630862505842433,
        "sum_total": -0.012353731414290001,
        "sum_via_vel": 0.346868404184,
        "sum_via_att": -0.359222137582,
        "path_scale_sumabs": 0.706090541766,
        "mean_innov": 0.135097,
        "mean_path_scale": 0.028243621670640002
      },
      "R2": {
        "n": 15,
        "corr_path_scale_vs_innov": {
          "n": 15,
          "pearson": 0.9511354130603489,
          "spearman": 0.9392857142857142,
          "mean_x": 0.4203983473426666,
          "mean_y": 1.4709071999999999,
          "ratio_mean_x_over_mean_y": 0.285808885389008
        },
        "lin_gain_a_path_eq_a_times_innov": 0.2941405539249403,
        "frac_var_path_explained_by_innov": 0.8857261155195564,
        "mean_path_per_innov": 0.2720863657179789,
        "median_path_per_innov": 0.25049957675859963,
        "std_path_per_innov": 0.050557580738579085,
        "sum_total": -0.039120520349500004,
        "sum_via_vel": 3.13342731456,
        "sum_via_att": -3.17254789558,
        "path_scale_sumabs": 6.30597521014,
        "mean_innov": 1.4709071999999999,
        "mean_path_scale": 0.4203983473426666
      },
      "R3": {
        "n": 27,
        "corr_path_scale_vs_innov": {
          "n": 27,
          "pearson": 0.7654402840829073,
          "spearman": 0.8888888888888888,
          "mean_x": 0.058866828165718525,
          "mean_y": 0.5885360370370369,
          "ratio_mean_x_over_mean_y": 0.10002247009729669
        },
        "lin_gain_a_path_eq_a_times_innov": 0.09495013331563996,
        "frac_var_path_explained_by_innov": 0.5851735050139233,
        "mean_path_per_innov": 0.07407762815643235,
        "median_path_per_innov": 0.0562579646932953,
        "std_path_per_innov": 0.0638529096047172,
        "sum_total": 0.025566141410399992,
        "sum_via_vel": -0.2500137100837,
        "sum_via_att": 0.2755798117691,
        "path_scale_sumabs": 1.5894043604744,
        "mean_innov": 0.5885360370370369,
        "mean_path_scale": 0.058866828165718525
      },
      "full_rise": {
        "n": 67,
        "corr_path_scale_vs_innov": {
          "n": 67,
          "pearson": 0.8429502622762853,
          "spearman": 0.8561337696544019,
          "mean_x": 0.12838015093105076,
          "mean_y": 0.6168881492537314,
          "ratio_mean_x_over_mean_y": 0.2081092838083471
        },
        "lin_gain_a_path_eq_a_times_innov": 0.2167703110704939,
        "frac_var_path_explained_by_innov": 0.7100606262426308,
        "mean_path_per_innov": 0.1650228956582189,
        "median_path_per_innov": 0.1923686782095872,
        "std_path_per_innov": 0.09281646055042601,
        "sum_total": -0.025908110353390003,
        "sum_via_vel": 3.2302820086603004,
        "sum_via_att": -3.2561902213928997,
        "path_scale_sumabs": 8.601470112380401,
        "mean_innov": 0.6168881492537314,
        "mean_path_scale": 0.12838015093105076
      }
    }
  },
  "r3_sub2": {
    "ctrl": {
      "R3a1": {
        "n": 7,
        "corr_path_scale_vs_innov": {
          "n": 7,
          "pearson": 0.9998288829465558,
          "spearman": 1.0,
          "mean_x": 0.015936915896571428,
          "mean_y": 0.08665742857142857,
          "ratio_mean_x_over_mean_y": 0.18390709439797429
        },
        "lin_gain_a_path_eq_a_times_innov": 0.1837178572168102,
        "frac_var_path_explained_by_innov": 0.9984961993100612,
        "mean_path_per_innov": 0.1841039228103877,
        "median_path_per_innov": 0.1837809861696827,
        "std_path_per_innov": 0.0013126433529007321,
        "sum_total": -0.00024688441772,
        "sum_via_vel": -0.05590264918499999,
        "sum_via_att": 0.055655762091,
        "path_scale_sumabs": 0.111558411276,
        "mean_innov": 0.08665742857142857,
        "mean_path_scale": 0.015936915896571428
      },
      "R3a2": {
        "n": 6,
        "corr_path_scale_vs_innov": {
          "n": 6,