{
  "protocol": "docs/diagnostics/18-jacobian-imu-ab-protocol.md \u00a713",
  "timestamp": "2026-07-19T13:41:20+02:00",
  "seed": 71,
  "ctrl": {
    "name": "ctrl",
    "pre_latch": {
      "P_az_bgz": {
        "n": 39,
        "mean": -0.0008766148431915386,
        "median": -0.0009552263655,
        "std": 0.0003948581376454598,
        "sum": -0.034187978884470005,
        "start": -9.999999747e-05,
        "end": -0.001444891794
      },
      "P_att_bias_frob": {
        "n": 39,
        "mean": 0.002803625946353846,
        "median": 0.002876595827,
        "std": 0.0015637231271078517,
        "sum": 0.1093414119078,
        "start": 0.0001732050732,
        "end": 0.005213255528
      },
      "dx_bias_gz": {
        "n": 39,
        "mean": 3.8700805940338464e-07,
        "median": 3.024502178e-07,
        "std": 3.435984414488588e-07,
        "sum": 1.5093314316732e-05,
        "start": 2.47577181e-10,
        "end": 1.093797323e-06
      },
      "dx_att_z": {
        "n": 39,
        "mean": -8.821488269510257e-08,
        "median": -5.707546435e-08,
        "std": 7.896895294327329e-08,
        "sum": -3.440380425109e-06,
        "start": -7.541888181e-08,
        "end": -2.82452902e-07
      }
    },
    "post_latch_0.39_2": {
      "P_az_bgz": {
        "n": 162,
        "mean": -0.0031987578423765435,
        "median": -0.0031890575775,
        "std": 0.000883579470122235,
        "sum": -0.5181987704650001,
        "start": -0.001472274424,
        "end": -0.002531607402
      },
      "P_att_bias_frob": {
        "n": 162,
        "mean": 0.006655589441691359,
        "median": 0.0070560527965,
        "std": 0.0015494092888507158,
        "sum": 1.078205489554,
        "start": 0.00530728139,
        "end": 0.003929371946
      },
      "dx_bias_gz": {
        "n": 162,
        "mean": 5.209161716440178e-05,
        "median": -3.6193932824999997e-06,
        "std": 0.0007572880261254752,
        "sum": 0.008438841980633088,
        "start": 1.118030923e-06,
        "end": 0.0003789891489
      },
      "dx_att_z": {
        "n": 162,
        "mean": 7.311571806870951e-05,
        "median": 5.9069325285e-06,
        "std": 0.0016667849189152312,
        "sum": 0.01184474632713094,
        "start": -2.96265398e-07,
        "end": -0.0001817400334
      },
      "k_bias_gz": {
        "n": 162,
        "mean": 0.004484967394053086,
        "median": 0.0038628902985,
        "std": 0.0028369025987236745,
        "sum": 0.7265647178365999,
        "start": 0.0145465266,
        "end": 0.002446061233
      },
      "corr_P_vs_dx_bias": 0.05834248757154192,
      "sign_agree_P_vs_dx_bias": 0.5987654320987654,
      "corr_P_vs_k_bias": 0.3968782891933766,
      "telem_bias_gz_slope": 0.0023045640671727633,
      "telem_bias_gz_delta": 0.008437
    }
  },
  "latch": {
    "name": "latch",
    "pre_latch": {
      "P_az_bgz": {
        "n": 39,
        "mean": -0.0008766148431915386,
        "median": -0.0009552263655,
        "std": 0.0003948581376454598,
        "sum": -0.034187978884470005,
        "start": -9.999999747e-05,
        "end": -0.001444891794
      },
      "P_att_bias_frob": {
        "n": 39,
        "mean": 0.002803625946353846,
        "median": 0.002876595827,
        "std": 0.0015637231271078517,
        "sum": 0.1093414119078,
        "start": 0.0001732050732,
        "end": 0.005213255528
      },
      "dx_bias_gz": {
        "n": 39,
        "mean": 3.8700805940338464e-07,
        "median": 3.024502178e-07,
        "std": 3.435984414488588e-07,
        "sum": 1.5093314316732e-05,
        "start": 2.47577181e-10,
        "end": 1.093797323e-06
      },
      "dx_att_z": {
        "n": 39,
        "mean": -8.821488269510257e-08,
        "median": -5.707546435e-08,
        "std": 7.896895294327329e-08,
        "sum": -3.440380425109e-06,
        "start": -7.541888181e-08,
        "end": -2.82452902e-07
      }
    },
    "post_latch_0.39_2": {
      "P_az_bgz": {
        "n": 162,
        "mean": -0.0032123871152345677,
        "median": -0.0033194249265,
        "std": 0.001002563978654415,
        "sum": -0.520406712668,
        "start": -0.001472274424,
        "end": -0.001790901762
      },
      "P_att_bias_frob": {
        "n": 162,
        "mean": 0.006622646229629631,
        "median": 0.007091234205500001,
        "std": 0.0017262123032357674,
        "sum": 1.0728686892000001,
        "start": 0.00530728139,
        "end": 0.002934836084
      },
      "dx_bias_gz": {
        "n": 162,
        "mean": -0.00016514552464519435,
        "median": -1.178543698e-05,
        "std": 0.002221183883379648,
        "sum": -0.026753574992521484,
        "start": 1.118030923e-06,
        "end": -0.0001587221777
      },
      "dx_att_z": {
        "n": 162,
        "mean": -1.8287987530864197e-09,
        "median": 0.0,
        "std": 2.320485478441443e-08,
        "sum": -2.96265398e-07,
        "start": -2.96265398e-07,
        "end": 0.0
      },
      "k_bias_gz": {
        "n": 162,
        "mean": 0.004589052411235185,
        "median": 0.0040996377355,
        "std": 0.002902387757055918,
        "sum": 0.7434264906201,
        "start": 0.0145465266,
        "end": 0.0024729094
      },
      "corr_P_vs_dx_bias": 0.13061418046745513,
      "sign_agree_P_vs_dx_bias": 0.7098765432098766,
      "corr_P_vs_k_bias": 0.3747867344210899,
      "telem_bias_gz_slope": -0.020981262077294692,
      "telem_bias_gz_delta": -0.026755
    }
  },
  "verdict": {
    "sign_agree_latch": 0.7098765432098766,
    "corr_P_dx_latch": 0.13061418046745513,
    "corr_P_dx_ctrl": 0.05834248757154192,
    "P_az_bgz_mean_ctrl": -0.0031987578423765435,
    "P_az_bgz_mean_latch": -0.0032123871152345677,
    "P_frob_mean_ctrl": 0.006655589441691359,
    "P_frob_mean_latch": 0.006622646229629631,
    "material_block": true,
    "reorganizes_vs_ctrl": false,
    "escape_amplified": true,
    "CHAR_PASS": false,
    "CHAR_WEAK": true,
    "reading": "innov_amplified_K_bias",
    "note": "PASS unlocks P_att-bias intervention. WEAK/innov-amplified: do not zero-P blind; decompose K_bias next."
  },
  "figure": "C:\\NaviCore-3D\\docs\\benchmarks\\jacobian_imu_ab\\patt_bias_g\\fig_patt_bias_g_ctrl_vs_latch.png"
}