{
  "c-E-l1": {
    "latch_s": 0.39,
    "window_post": "[0.39, 2.0]",
    "post_latch_to_2s": {
      "yaw_A_minus_C": {
        "n": 162,
        "start": -5.99999999995049e-06,
        "end": 0.011914999999999898,
        "mean": 0.0023140493827160354,
        "std": 0.0046376585751098254,
        "delta": 0.011920999999999848,
        "slope_per_s": 0.006640544427367574,
        "abs_delta": 0.011920999999999848
      },
      "yaw_err_A_minus_C": {
        "n": 162,
        "start": -5.99999999995049e-06,
        "end": 0.011914999999999898,
        "mean": 0.0023140493827160354,
        "std": 0.0046376585751098254,
        "delta": 0.011920999999999848,
        "slope_per_s": 0.006640544427367574,
        "abs_delta": 0.011920999999999848
      },
      "bias_gz_A_minus_C": {
        "n": 162,
        "start": 2.4e-05,
        "end": -0.026719,
        "mean": -0.008120043209876542,
        "std": 0.014302235050814616,
        "delta": -0.026743,
        "slope_per_s": -0.020775574580029103,
        "abs_delta": 0.026743
      },
      "absdrift_A_minus_C": {
        "n": 162,
        "start": -3.000000000000398e-06,
        "end": 0.9987670000000001,
        "mean": 0.24257347530864198,
        "std": 0.5103606927239854,
        "delta": 0.99877,
        "slope_per_s": 0.6558630117943268,
        "abs_delta": 0.99877
      }
    },
    "post_latch_to_4s": {
      "yaw_A_minus_C": {
        "n": 362,
        "start": -5.99999999995049e-06,
        "end": 0.10995199999999983,
        "mean": 0.03607287569060773,
        "std": 0.0390357792339499,
        "delta": 0.10995799999999978,
        "slope_per_s": 0.0350904864005881,
        "abs_delta": 0.10995799999999978
      },
      "bias_gz_A_minus_C": {
        "n": 362,
        "start": 2.4e-05,
        "end": -0.051206,
        "mean": -0.026221953038674035,
        "std": 0.021429286936404744,
        "delta": -0.051230000000000005,
        "slope_per_s": -0.018817116422035655,
        "abs_delta": 0.051230000000000005
      }
    },
    "pre_latch_same_duration": {
      "yaw_A_minus_C": {
        "n": 40,
        "start": 0.0,
        "end": -5.99999999995049e-06,
        "mean": -1.000000000001e-06,
        "std": 1.596871942264383e-06,
        "delta": -5.99999999995049e-06,
        "slope_per_s": -1.1069418386491175e-05,
        "abs_delta": 5.99999999995049e-06
      },
      "bias_gz_A_minus_C": {
        "n": 40,
        "start": 0.0,
        "end": 2.4e-05,
        "mean": 7.175e-06,
        "std": 7.466215574171429e-06,
        "delta": 2.4e-05,
        "slope_per_s": 6.109756097560976e-05,
        "abs_delta": 2.4e-05
      }
    },
    "heuristics": {
      "yaw_offset_constant": true,
      "bias_diverging": true,
      "bias_flat": false,
      "verdict": "B2_bias_diverging_from_C"
    }
  },
  "c-L-l1": {
    "latch_s": 0.58,
    "window_post": "[0.58, 2.0]",
    "post_latch_to_2s": {
      "yaw_A_minus_C": {
        "n": 143,
        "start": -2.1000000000048754e-05,
        "end": 0.0126679999999999,
        "mean": 0.0028693986013985867,
        "std": 0.00519556816136971,
        "delta": 0.012688999999999949,
        "slope_per_s": 0.008851955907941847,
        "abs_delta": 0.012688999999999949
      },
      "yaw_err_A_minus_C": {
        "n": 143,
        "start": -2.1000000000048754e-05,
        "end": 0.0126679999999999,
        "mean": 0.0028693986013985867,
        "std": 0.00519556816136971,
        "delta": 0.012688999999999949,
        "slope_per_s": 0.008851955907941847,
        "abs_delta": 0.012688999999999949
      },
      "bias_gz_A_minus_C": {
        "n": 143,
        "start": 5.2000000000000004e-05,
        "end": -0.029181,
        "mean": -0.010408496503496501,
        "std": 0.01610507702162164,
        "delta": -0.029233,
        "slope_per_s": -0.02801546176827867,
        "abs_delta": 0.029233
      },
      "absdrift_A_minus_C": {
        "n": 143,
        "start": -1.899999999999992e-05,
        "end": 0.9960839999999999,
        "mean": 0.2866128041958042,
        "std": 0.5401356422433664,
        "delta": 0.9961029999999998,
        "slope_per_s": 0.8169079684986376,
        "abs_delta": 0.9961029999999998
      }
    },
    "post_latch_to_4s": {
      "yaw_A_minus_C": {
        "n": 343,
        "start": -2.1000000000048754e-05,
        "end": 0.10395399999999988,
        "mean": 0.03989627696793002,
        "std": 0.040283546878180365,
        "delta": 0.10397499999999993,
        "slope_per_s": 0.038774715264668566,
        "abs_delta": 0.10397499999999993
      },
      "bias_gz_A_minus_C": {
        "n": 343,
        "start": 5.2000000000000004e-05,
        "end": 0.024096,
        "mean": -0.02928122157434402,
        "std": 0.022247805030472936,
        "delta": 0.024044,
        "slope_per_s": -0.019014404187973497,
        "abs_delta": 0.024044
      }
    },
    "pre_latch_same_duration": {
      "yaw_A_minus_C": {
        "n": 59,
        "start": 0.0,
        "end": -2.1000000000048754e-05,
        "mean": -4.745762711865389e-06,
        "std": 6.182515587891875e-06,
        "delta": -2.1000000000048754e-05,
        "slope_per_s": -3.208649912331837e-05,
        "abs_delta": 2.1000000000048754e-05
      },
      "bias_gz_A_minus_C": {
        "n": 59,
        "start": 0.0,
        "end": 5.2000000000000004e-05,
        "mean": 1.7338983050847457e-05,
        "std": 1.659345405905239e-05,
        "delta": 5.2000000000000004e-05,
        "slope_per_s": 9.392168322618354e-05,
        "abs_delta": 5.2000000000000004e-05
      }
    },
    "heuristics": {
      "yaw_offset_constant": true,
      "bias_diverging": true,
      "bias_flat": false,
      "verdict": "B2_bias_diverging_from_C"
    }
  },
  "ctrl_ref": {
    "latch_s": 0.39,
    "window_post": "[0.39, 2.0]",
    "post_latch_to_2s": {
      "yaw_A_minus_C": {
        "n": 162,
        "start": -5.99999999995049e-06,
        "end": 0.013430000000000053,
        "mean": 0.005130734567901228,
        "std": 0.008206782853972793,
        "delta": 0.013436000000000003,
        "slope_per_s": 0.01185101056930879,
        "abs_delta": 0.013436000000000003
      },
      "yaw_err_A_minus_C": {
        "n": 162,
        "start": -5.99999999995049e-06,
        "end": 0.013430000000000053,
        "mean": 0.005130734567901228,
        "std": 0.008206782853972793,
        "delta": 0.013436000000000003,
        "slope_per_s": 0.01185101056930879,
        "abs_delta": 0.013436000000000003
      },
      "bias_gz_A_minus_C": {
        "n": 162,
        "start": 2.4e-05,
        "end": 0.008473,
        "mean": 0.00023075925925925917,
        "std": 0.004556944535955237,
        "delta": 0.008449,
        "slope_per_s": 0.0022726044758320033,
        "abs_delta": 0.008449
      },
      "absdrift_A_minus_C": {
        "n": 162,
        "start": -3.000000000000398e-06,
        "end": 0.48397700000000005,
        "mean": 0.09277978395061727,
        "std": 0.15719112986137385,
        "delta": 0.48398,
        "slope_per_s": 0.2567172764236248,
        "abs_delta": 0.48398
      }
    },
    "post_latch_to_4s": {
      "yaw_A_minus_C": {
        "n": 362,
        "start": -5.99999999995049e-06,
        "end": 0.06724299999999994,
        "mean": 0.01782074585635359,
        "std": 0.021426578807241366,
        "delta": 0.06724899999999989,
        "slope_per_s": 0.013281762694148354,
        "abs_delta": 0.06724899999999989
      },
      "bias_gz_A_minus_C": {
        "n": 362,
        "start": 2.4e-05,
        "end": -0.040381,
        "mean": -0.0016234530386740333,
        "std": 0.01312669085911518,
        "delta": -0.040405,
        "slope_per_s": -0.005577629400294275,
        "abs_delta": 0.040405
      }
    },
    "pre_latch_same_duration": {
      "yaw_A_minus_C": {
        "n": 40,
        "start": 0.0,
        "end": -5.99999999995049e-06,
        "mean": -1.000000000001e-06,
        "std": 1.596871942264383e-06,
        "delta": -5.99999999995049e-06,