{
  "check1": {
    "ctrl": {
      "early_0.39_2_A": {
        "delta": 0.008438,
        "slope": 0.00226676531731213,
        "frac_pos_dxdt": 0.37888198757763975,
        "frac_neg_dxdt": 0.5838509316770186,
        "start": 1.6e-05,
        "end": 0.008454,
        "mean": 0.00021791975308641976
      },
      "mid_2_14_A": {
        "delta": -0.020978,
        "slope": -3.9844694728880665e-05,
        "frac_pos_dxdt": 0.5516666666666666,
        "frac_neg_dxdt": 0.44666666666666666,
        "start": 0.008454,
        "end": -0.012524,
        "mean": -0.02050621149042465
      },
      "late_14_25_A": {
        "delta": 0.007799,
        "slope": 0.0009249344498057227,
        "frac_pos_dxdt": 0.49,
        "frac_neg_dxdt": 0.5081818181818182,
        "start": -0.012524,
        "end": -0.004725,
        "mean": -0.01417900272479564
      },
      "early_AC": {
        "delta": 0.008449,
        "slope": 0.0022726044758320033,
        "frac_pos_dxdt": 0.37888198757763975,
        "frac_neg_dxdt": 0.5900621118012422,
        "start": 2.4e-05,
        "end": 0.008473,
        "mean": 0.00023075925925925917
      },
      "late_AC": {
        "delta": 0.007800000000000001,
        "slope": 0.0009250084423259102,
        "frac_pos_dxdt": 0.49,
        "frac_neg_dxdt": 0.5081818181818182,
        "start": -0.012523000000000001,
        "end": -0.004723,
        "mean": -0.01417727974568574
      },
      "same_sign_early_late_A": true,
      "flip_early_late_A": false,
      "mid_consistent_with_early_A": false
    },
    "E_l1": {
      "early_0.39_2_A": {
        "delta": -0.026754,
        "slope": -0.020781413738548974,
        "frac_pos_dxdt": 0.21739130434782608,
        "frac_neg_dxdt": 0.6832298136645962,
        "start": 1.6e-05,
        "end": -0.026738,
        "mean": -0.008132882716049384
      },
      "mid_2_14_A": {
        "delta": 0.043473,
        "slope": 0.0011584377854838037,
        "frac_pos_dxdt": 0.56,
        "frac_neg_dxdt": 0.43916666666666665,
        "start": -0.026738,
        "end": 0.016735,
        "mean": -0.08286324479600334
      },
      "late_14_25_A": {
        "delta": -0.048343,
        "slope": -0.00010684531423713018,
        "frac_pos_dxdt": 0.5727272727272728,
        "frac_neg_dxdt": 0.3654545454545455,
        "start": 0.016735,
        "end": -0.031608,
        "mean": -0.03376024704813805
      },
      "early_AC": {
        "delta": -0.026743,
        "slope": -0.020775574580029103,
        "frac_pos_dxdt": 0.21739130434782608,
        "frac_neg_dxdt": 0.6894409937888198,
        "start": 2.4e-05,
        "end": -0.026719,
        "mean": -0.008120043209876542
      },
      "late_AC": {
        "delta": -0.048341999999999996,
        "slope": -0.00010677132171694674,
        "frac_pos_dxdt": 0.5727272727272728,
        "frac_neg_dxdt": 0.3654545454545455,
        "start": 0.016736,
        "end": -0.031605999999999995,
        "mean": -0.033758524069028156
      },
      "same_sign_early_late_A": true,
      "flip_early_late_A": false,
      "mid_consistent_with_early_A": false
    },
    "L_l1": {
      "early_0.39_2_A": {
        "delta": -0.029216,
        "slope": -0.023279934261129245,
        "frac_pos_dxdt": 0.2484472049689441,
        "frac_neg_dxdt": 0.6956521739130435,
        "start": 1.6e-05,
        "end": -0.0292,
        "mean": -0.009196216049382715
      },
      "mid_2_14_A": {
        "delta": 0.139376,
        "slope": 0.0035057613254899857,
        "frac_pos_dxdt": 0.5725,
        "frac_neg_dxdt": 0.4275,
        "start": -0.0292,
        "end": 0.110176,
        "mean": -0.09651527726894256
      },
      "late_14_25_A": {
        "delta": -0.004950999999999997,
        "slope": -0.004849674944153174,
        "frac_pos_dxdt": 0.5954545454545455,
        "frac_neg_dxdt": 0.4027272727272727,
        "start": 0.110176,
        "end": 0.105225,
        "mean": 0.11549112806539509
      },
      "early_AC": {
        "delta": -0.029205,
        "slope": -0.023274095102609374,
        "frac_pos_dxdt": 0.2484472049689441,
        "frac_neg_dxdt": 0.7018633540372671,
        "start": 2.4e-05,
        "end": -0.029181,
        "mean": -0.009183376543209875
      },
      "late_AC": {
        "delta": -0.004949999999999996,
        "slope": -0.004849600951632986,
        "frac_pos_dxdt": 0.5954545454545455,
        "frac_neg_dxdt": 0.4027272727272727,
        "start": 0.110177,
        "end": 0.105227,
        "mean": 0.11549285104450499
      },
      "same_sign_early_late_A": true,
      "flip_early_late_A": false,
      "mid_consistent_with_early_A": false
    },
    "postfix": {
      "early_0.39_2_A": {
        "delta": 0.008438,
        "slope": 0.00226676531731213,
        "frac_pos_dxdt": 0.37888198757763975,
        "frac_neg_dxdt": 0.5838509316770186,
        "start": 1.6e-05,
        "end": 0.008454,
        "mean": 0.00021791975308641976
      },
      "mid_2_14_A": {
        "delta": -0.020978,
        "slope": -3.9844694728880665e-05,
        "frac_pos_dxdt": 0.5516666666666666,
        "frac_neg_dxdt": 0.44666666666666666,
        "start": 0.008454,
        "end": -0.012524,
        "mean": -0.02050621149042465
      },
      "late_14_25_A": {
        "delta": 0.007799,
        "slope": 0.0009249344498057227,
        "frac_pos_dxdt": 0.49,
        "frac_neg_dxdt": 0.5081818181818182,
        "start": -0.012524,
        "end": -0.004725,
        "mean": -0.01417900272479564
      },
      "early_AC": {
        "delta": 0.008449,
        "slope": 0.0022726044758320033,
        "frac_pos_dxdt": 0.37888198757763975,
        "frac_neg_dxdt": 0.5900621118012422,
        "start": 2.4e-05,
        "end": 0.008473,
        "mean": 0.00023075925925925917
      },
      "late_AC": {
        "delta": 0.007800000000000001,
        "slope": 0.0009250084423259102,
        "frac_pos_dxdt": 0.49,
        "frac_neg_dxdt": 0.5081818181818182,
        "start": -0.012523000000000001,
        "end": -0.004723,
        "mean": -0.01417727974568574
      },
      "same_sign_early_late_A": true,
      "flip_early_late_A": false,
      "mid_consistent_with_early_A": false
    }
  },
  "check2": {
    "ctrl": {
      "A_0.39_2.0": {
        "slope": 0.00226676531731213,
        "delta": 0.008438
      },
      "AC_0.39_2.0": {
        "slope": 0.0022726044758320033,
        "delta": 0.008449
      },
      "A_0.58_2.0": {
        "slope": 0.0031751785186644337,
        "delta": 0.008413
      },
      "AC_0.58_2.0": {
        "slope": 0.0031816474605206985,
        "delta": 0.008421
      },
      "A_0.39_4.0": {
        "slope": -0.005575601033155878,
        "delta": -0.040398
      },
      "AC_0.39_4.0": {
        "slope": -0.005577629400294275,
        "delta": -0.040405
      },
      "A_2.0_10.0": {
        "slope": -0.0022200962971784042,
        "delta": -0.044351
      },
      "AC_2.0_10.0": {
        "slope": -0.0022215992462663553,
        "delta": -0.044368
      },
      "A_14.0_25.0": {
        "slope": 0.0009249344498057227,
        "delta": 0.007799
      },
      "AC_14.0_25.0": {
        "slope": 0.0009250084423259102,
        "delta": 0.007800000000000001
      }
    },
    "E_l1": {
      "A_0.39_2.0": {
        "slope": -0.020781413738548974,
        "delta": -0.026754
      },
      "AC_0.39_2.0": {
        "slope": -0.020775574580029103,
        "delta": -0.026743
      },
      "A_0.58_2.0": {
        "slope": -0.025062107258938246,
        "delta": -0.026772
      },
      "AC_0.58_2.0": {
        "slope": -0.025055638317081973,
        "delta": -0.026764
      },
      "A_0.39_4.0": {
        "slope": -0.01881508805489725,
        "delta": -0.051223000000000005
      },
      "AC_0.39_4.0": {
        "slope": -0.018817116422035655,
        "delta": -0.051230000000000005
      },
      "A_2.0_10.0": {
        "slope": -0.01451026013384142,
        "delta": -0.086387
      },
      "AC_2.0_10.0": {
        "slope": -0.014511763082929377,